source,source URI,source PoS,target,target URI,target PoS,ok?,comment
{sætte tegn_§9},https://wordnet.dk/dannet/data/synset-27614,noun,{skrive_§1},https://wordnet.dk/dannet/data/synset-1840,verb,yes,
{føre til protokols_§5},https://wordnet.dk/dannet/data/synset-22559,noun,{skrive_§1},https://wordnet.dk/dannet/data/synset-1840,verb,yes,
{slå mønt_§5},https://wordnet.dk/dannet/data/synset-31954,noun,{fremstille_§1},https://wordnet.dk/dannet/data/synset-1656,verb,yes,
{drage nytte_1§2 af},https://wordnet.dk/dannet/data/synset-69907,noun,{anvende_§1; benytte_§1; bruge_§1},https://wordnet.dk/dannet/data/synset-42858,verb,yes,
{ikke ligge på den lade side_§10},https://wordnet.dk/dannet/data/synset-75257,noun,{gøre_§1; handle_§1},https://wordnet.dk/dannet/data/synset-2331,verb,yes,
{holde liv_§19 i},https://wordnet.dk/dannet/data/synset-47450,noun,{gøre_§1; handle_§1},https://wordnet.dk/dannet/data/synset-2331,verb,yes,
{stikke en plade_§14},https://wordnet.dk/dannet/data/synset-72750,noun,{berette_§1; fortælle_§2},https://wordnet.dk/dannet/data/synset-37047,verb,yes,
{krænge sjælen_§6 ud},https://wordnet.dk/dannet/data/synset-72753,noun,{berette_§1; fortælle_§2},https://wordnet.dk/dannet/data/synset-37047,verb,yes,
{løbe med snak_§9},https://wordnet.dk/dannet/data/synset-72754,noun,{berette_§1; fortælle_§2},https://wordnet.dk/dannet/data/synset-37047,verb,yes,
{trække vod_§2},https://wordnet.dk/dannet/data/synset-72879,noun,{fiske_§1},https://wordnet.dk/dannet/data/synset-2736,verb,yes,
{gøre kål_§2a på},https://wordnet.dk/dannet/data/synset-74785,noun,{spise_2§1; æde_2§1},https://wordnet.dk/dannet/data/synset-124,verb,yes,
{få noget i skuffen_1§2},https://wordnet.dk/dannet/data/synset-74797,noun,{spise_2§1; æde_2§1},https://wordnet.dk/dannet/data/synset-124,verb,yes,
{æde som et tærskeværk_§2},https://wordnet.dk/dannet/data/synset-74814,noun,{spise_2§1; æde_2§1},https://wordnet.dk/dannet/data/synset-124,verb,yes,
{lægge bunden_§14},https://wordnet.dk/dannet/data/synset-74775,noun,{spise_2§1; æde_2§1},https://wordnet.dk/dannet/data/synset-124,verb,yes,
{spise som en fugl_§14},https://wordnet.dk/dannet/data/synset-74779,noun,{spise_2§1; æde_2§1},https://wordnet.dk/dannet/data/synset-124,verb,yes,
{sætte til livs_§38},https://wordnet.dk/dannet/data/synset-74788,noun,{spise_2§1; æde_2§1},https://wordnet.dk/dannet/data/synset-124,verb,yes,
{æde/spise nogen ud af huset_§25},https://wordnet.dk/dannet/data/synset-74781,noun,{spise_2§1; æde_2§1},https://wordnet.dk/dannet/data/synset-124,verb,yes,
{spise af nogens hånd_§68},https://wordnet.dk/dannet/data/synset-74782,noun,{spise_2§1; æde_2§1},https://wordnet.dk/dannet/data/synset-124,verb,yes,
{spise med kniv_§10 og gaffel},https://wordnet.dk/dannet/data/synset-74784,noun,{spise_2§1; æde_2§1},https://wordnet.dk/dannet/data/synset-124,verb,yes,
{tage næring_§4 til sig},https://wordnet.dk/dannet/data/synset-74790,noun,{spise_2§1; æde_2§1},https://wordnet.dk/dannet/data/synset-124,verb,yes,
{lade vederfares (fuld) retfærdighed_§2; yde (fuld) retfærdighed_§1a},https://wordnet.dk/dannet/data/synset-74795,noun,{spise_2§1; æde_2§1},https://wordnet.dk/dannet/data/synset-124,verb,yes,
{få noget i skrutten_§1},https://wordnet.dk/dannet/data/synset-74796,noun,{spise_2§1; æde_2§1},https://wordnet.dk/dannet/data/synset-124,verb,yes,
{sætte tænderne i noget_§14},https://wordnet.dk/dannet/data/synset-74809,noun,{spise_2§1; æde_2§1},https://wordnet.dk/dannet/data/synset-124,verb,yes,
{over kors_§7},https://wordnet.dk/dannet/data/synset-27542,noun,{anbringe_§1},https://wordnet.dk/dannet/data/synset-27496,verb,no,prepositional fragment of 'lægge armene over kors'
{i pleje_1§3},https://wordnet.dk/dannet/data/synset-27572,noun,{anbringe_§1},https://wordnet.dk/dannet/data/synset-27496,verb,no,prepositional fragment of 'anbringe i pleje'
{lægge armene_1§17 over kors},https://wordnet.dk/dannet/data/synset-27497,noun,{anbringe_§1},https://wordnet.dk/dannet/data/synset-27496,verb,yes,
{sætte sig mellem to stole_§9},https://wordnet.dk/dannet/data/synset-27602,noun,{anbringe_§1},https://wordnet.dk/dannet/data/synset-27496,verb,yes,
{få galt i halsen_§7},https://wordnet.dk/dannet/data/synset-74899,noun,{indtage_§1; røre_2§1c},https://wordnet.dk/dannet/data/synset-637,verb,yes,
{få øje_1§9 på},https://wordnet.dk/dannet/data/synset-64327,noun,{opdage_§1},https://wordnet.dk/dannet/data/synset-46850,verb,yes,
{tage afstand_§5},https://wordnet.dk/dannet/data/synset-21838,noun,{udtrykke_§1},https://wordnet.dk/dannet/data/synset-22006,verb,yes,
{tale i gåder_§2},https://wordnet.dk/dannet/data/synset-21874,noun,{udtrykke_§1},https://wordnet.dk/dannet/data/synset-22006,verb,yes,
{give til kende_2§2},https://wordnet.dk/dannet/data/synset-21902,noun,{udtrykke_§1},https://wordnet.dk/dannet/data/synset-22006,verb,yes,
"{vippe (vælte, slå, ..) af pinden_§18}",https://wordnet.dk/dannet/data/synset-27753,noun,{fjerne_§1},https://wordnet.dk/dannet/data/synset-27703,verb,yes,
{komme/ville til livs_§22},https://wordnet.dk/dannet/data/synset-27734,noun,{fjerne_§1},https://wordnet.dk/dannet/data/synset-27703,verb,yes,
{rydde noget af vejen_§34},https://wordnet.dk/dannet/data/synset-27870,noun,{fjerne_§1},https://wordnet.dk/dannet/data/synset-27703,verb,yes,
{rykke/rive op med rod(e)_1§7a},https://wordnet.dk/dannet/data/synset-27772,noun,{fjerne_§1},https://wordnet.dk/dannet/data/synset-27703,verb,yes,
{tage af ilden_§14},https://wordnet.dk/dannet/data/synset-27723,noun,{fjerne_§1},https://wordnet.dk/dannet/data/synset-27703,verb,yes,
{tørre støv_§10 af},https://wordnet.dk/dannet/data/synset-27817,noun,{fjerne_§1},https://wordnet.dk/dannet/data/synset-27703,verb,yes,
{pille næse_§15},https://wordnet.dk/dannet/data/synset-27746,noun,{fjerne_§1},https://wordnet.dk/dannet/data/synset-27703,verb,yes,
{drikke gravøl_§2a},https://wordnet.dk/dannet/data/synset-74845,noun,{drikke_2§1},https://wordnet.dk/dannet/data/synset-957,verb,yes,
{læske/væde ganen_§5},https://wordnet.dk/dannet/data/synset-74838,noun,{drikke_2§1},https://wordnet.dk/dannet/data/synset-957,verb,yes,
{give udtryk_§6 for},https://wordnet.dk/dannet/data/synset-30832,noun,{meddele_§1},https://wordnet.dk/dannet/data/synset-30693,verb,yes,
{kaste/smide håndklædet_§2a i ringen},https://wordnet.dk/dannet/data/synset-30806,noun,{meddele_§1},https://wordnet.dk/dannet/data/synset-30693,verb,yes,
{sende bud_§8},https://wordnet.dk/dannet/data/synset-30799,noun,{meddele_§1},https://wordnet.dk/dannet/data/synset-30693,verb,yes,
{dække bord_§12},https://wordnet.dk/dannet/data/synset-74772,noun,{placere_§1},https://wordnet.dk/dannet/data/synset-1912,verb,yes,
{slå sig på flasken_1§5},https://wordnet.dk/dannet/data/synset-74881,noun,{drikke_2§2},https://wordnet.dk/dannet/data/synset-43825,verb,yes,
{drikke nogen under bordet_§11},https://wordnet.dk/dannet/data/synset-74885,noun,{drikke_2§2},https://wordnet.dk/dannet/data/synset-43825,verb,yes,
{bide en snaps_§3 over},https://wordnet.dk/dannet/data/synset-74886,noun,{drikke_2§2},https://wordnet.dk/dannet/data/synset-43825,verb,yes,
{drikke sig mod_1§2 til},https://wordnet.dk/dannet/data/synset-74887,noun,{drikke_2§2},https://wordnet.dk/dannet/data/synset-43825,verb,yes,
{kunne klare/tåle mosten_§2},https://wordnet.dk/dannet/data/synset-74900,noun,{drikke_2§2},https://wordnet.dk/dannet/data/synset-43825,verb,yes,
{kigge for dybt i glasset/flasken_§6},https://wordnet.dk/dannet/data/synset-74896,noun,{drikke_2§2},https://wordnet.dk/dannet/data/synset-43825,verb,yes,
{dyppe snablen_§2},https://wordnet.dk/dannet/data/synset-74904,noun,{drikke_2§2},https://wordnet.dk/dannet/data/synset-43825,verb,yes,
{drikke som en svamp_§5},https://wordnet.dk/dannet/data/synset-74905,noun,{drikke_2§2},https://wordnet.dk/dannet/data/synset-43825,verb,yes,
{få noget inden for vesten_2§2},https://wordnet.dk/dannet/data/synset-74907,noun,{drikke_2§2},https://wordnet.dk/dannet/data/synset-43825,verb,yes,
{sætte en anden/ny plade_§15 på (grammofonen)},https://wordnet.dk/dannet/data/synset-78551,noun,{sige_§1},https://wordnet.dk/dannet/data/synset-29625,verb,yes,
{fælde dom_1§6},https://wordnet.dk/dannet/data/synset-46882,noun,{sige_§1},https://wordnet.dk/dannet/data/synset-29625,verb,yes,
{gå i forbøn_§2},https://wordnet.dk/dannet/data/synset-46893,noun,{sige_§1},https://wordnet.dk/dannet/data/synset-29625,verb,yes,
{slå sine triller_1§3},https://wordnet.dk/dannet/data/synset-30587,noun,{frembringe_§2a},https://wordnet.dk/dannet/data/synset-30599,verb,yes,
{falde i vandet_§11; gå i vandet_§1},https://wordnet.dk/dannet/data/synset-74843,noun,{begå_§1},https://wordnet.dk/dannet/data/synset-48958,verb,yes,
{slå sig for panden_2§10},https://wordnet.dk/dannet/data/synset-28186,noun,{slå_2§1},https://wordnet.dk/dannet/data/synset-28199,verb,yes,
{varme nogens ører_1§34},https://wordnet.dk/dannet/data/synset-28227,noun,{slå_2§1},https://wordnet.dk/dannet/data/synset-28199,verb,yes,
{slå håret_§14 ud},https://wordnet.dk/dannet/data/synset-28159,noun,{slå_2§1},https://wordnet.dk/dannet/data/synset-28199,verb,yes,
{slå sig for brystet_§9},https://wordnet.dk/dannet/data/synset-28131,noun,{slå_2§1},https://wordnet.dk/dannet/data/synset-28199,verb,yes,
{slå/sende i brædderne_§6},https://wordnet.dk/dannet/data/synset-28132,noun,{slå_2§1},https://wordnet.dk/dannet/data/synset-28199,verb,yes,
{slå/høste_3§2 hø},https://wordnet.dk/dannet/data/synset-28157,noun,{slå_2§1},https://wordnet.dk/dannet/data/synset-28199,verb,yes,
{hugge/slå (nogen) ned for fode_§12},https://wordnet.dk/dannet/data/synset-28141,noun,{slå_2§1},https://wordnet.dk/dannet/data/synset-28199,verb,yes,
{slå benene/fødderne_§26 væk under nogen; slå fødderne væk under nogen_§21},https://wordnet.dk/dannet/data/synset-28142,noun,{slå_2§1},https://wordnet.dk/dannet/data/synset-28199,verb,yes,
{slå følge_2§4a},https://wordnet.dk/dannet/data/synset-28145,noun,{slå_2§1},https://wordnet.dk/dannet/data/synset-28199,verb,yes,
{slå/sende i gulvet_§8},https://wordnet.dk/dannet/data/synset-28150,noun,{slå_2§1},https://wordnet.dk/dannet/data/synset-28199,verb,yes,
{slå en proper næve_§3},https://wordnet.dk/dannet/data/synset-28183,noun,{slå_2§1},https://wordnet.dk/dannet/data/synset-28199,verb,yes,
{slå til skaglerne_§2},https://wordnet.dk/dannet/data/synset-28196,noun,{slå_2§1},https://wordnet.dk/dannet/data/synset-28199,verb,yes,
{gå i tænkeboks_§2},https://wordnet.dk/dannet/data/synset-69380,noun,{overveje_§1},https://wordnet.dk/dannet/data/synset-34362,verb,yes,
{slå revner_1§2},https://wordnet.dk/dannet/data/synset-30524,noun,{frembringe_§1},https://wordnet.dk/dannet/data/synset-22598,verb,yes,
{slå ild_§11},https://wordnet.dk/dannet/data/synset-30471,noun,{frembringe_§1},https://wordnet.dk/dannet/data/synset-22598,verb,yes,
"{skåret (bygget, ..) over samme læst_§3}",https://wordnet.dk/dannet/data/synset-30501,noun,{frembringe_§1},https://wordnet.dk/dannet/data/synset-22598,verb,no,"participial/adjectival, not a verb phrase"
{ryste ud af ærmet/ærmerne_§5},https://wordnet.dk/dannet/data/synset-30598,noun,{frembringe_§1},https://wordnet.dk/dannet/data/synset-22598,verb,yes,
{tage ved lære_1§3},https://wordnet.dk/dannet/data/synset-75274,noun,{lære_2§1},https://wordnet.dk/dannet/data/synset-13994,verb,yes,
{kaste et redningsbælte_§3 ud til nogen},https://wordnet.dk/dannet/data/synset-68175,noun,{hjælpe_§1},https://wordnet.dk/dannet/data/synset-2381,verb,yes,
{føre til bogs_1§8},https://wordnet.dk/dannet/data/synset-75254,noun,{nedskrive_§1; opskrive_§2; skrive_§17 ned; skrive_§19 op},https://wordnet.dk/dannet/data/synset-22549,verb,yes,
{få munden_§5 på gled; få tungen_§5 på gled},https://wordnet.dk/dannet/data/synset-32047,noun,{snakke_§1; tale_2§21 frem og tilbage},https://wordnet.dk/dannet/data/synset-32061,verb,yes,
{snakke fanden_§31 et øre af; snakke/tale nogen et øre_1§28 af},https://wordnet.dk/dannet/data/synset-32056,noun,{snakke_§1; tale_2§21 frem og tilbage},https://wordnet.dk/dannet/data/synset-32061,verb,yes,
{have det hele i munden_§6},https://wordnet.dk/dannet/data/synset-32050,noun,{snakke_§1; tale_2§21 frem og tilbage},https://wordnet.dk/dannet/data/synset-32061,verb,yes,
"{lade munden_§9 løbe (gå, ..)}",https://wordnet.dk/dannet/data/synset-32051,noun,{snakke_§1; tale_2§21 frem og tilbage},https://wordnet.dk/dannet/data/synset-32061,verb,yes,
{munden_§15 står ikke stille på nogen},https://wordnet.dk/dannet/data/synset-32054,noun,{snakke_§1; tale_2§21 frem og tilbage},https://wordnet.dk/dannet/data/synset-32061,verb,yes,
{snakke for sin syge moster_§2},https://wordnet.dk/dannet/data/synset-32058,noun,{snakke_§1; tale_2§21 frem og tilbage},https://wordnet.dk/dannet/data/synset-32061,verb,yes,
"{han (hun, ..) snakker, og røven_§7 går}",https://wordnet.dk/dannet/data/synset-32064,noun,{snakke_§1; tale_2§21 frem og tilbage},https://wordnet.dk/dannet/data/synset-32061,verb,yes,
{snakke/tale om vind_1§11 og vejr},https://wordnet.dk/dannet/data/synset-32070,noun,{snakke_§1; tale_2§21 frem og tilbage},https://wordnet.dk/dannet/data/synset-32061,verb,yes,
{drikke en skål_2§4},https://wordnet.dk/dannet/data/synset-74902,noun,{hilse_§1c; skåle_§1},https://wordnet.dk/dannet/data/synset-63837,verb,yes,
{løfte/hæve sit glas_§7},https://wordnet.dk/dannet/data/synset-74897,noun,{hilse_§1c; skåle_§1},https://wordnet.dk/dannet/data/synset-63837,verb,yes,
{føre bevis_§4},https://wordnet.dk/dannet/data/synset-32109,noun,{fremlægge_§1},https://wordnet.dk/dannet/data/synset-32108,verb,yes,
{lægge kortene_1§11 på bordet},https://wordnet.dk/dannet/data/synset-32121,noun,{fremlægge_§1},https://wordnet.dk/dannet/data/synset-32108,verb,yes,
{melde pas_3§2},https://wordnet.dk/dannet/data/synset-30667,noun,{erklære_§1},https://wordnet.dk/dannet/data/synset-30646,verb,yes,
{vedgå arv_§11 og gæld},https://wordnet.dk/dannet/data/synset-30643,noun,{erklære_§1},https://wordnet.dk/dannet/data/synset-30646,verb,yes,
{gøre front_§7a mod},https://wordnet.dk/dannet/data/synset-30653,noun,{erklære_§1},https://wordnet.dk/dannet/data/synset-30646,verb,yes,
{lægge luft_§21 til},https://wordnet.dk/dannet/data/synset-30659,noun,{erklære_§1},https://wordnet.dk/dannet/data/synset-30646,verb,yes,
{sætte nogen på gaden_§14},https://wordnet.dk/dannet/data/synset-70995,noun,{afskedige_§1},https://wordnet.dk/dannet/data/synset-30791,verb,yes,
{fyre/afskedige på gråt papir_§5},https://wordnet.dk/dannet/data/synset-70997,noun,{afskedige_§1},https://wordnet.dk/dannet/data/synset-30791,verb,yes,
{klippe nummerpladerne_§1; klippe pladerne_§12},https://wordnet.dk/dannet/data/synset-78552,noun,{fratage_§1},https://wordnet.dk/dannet/data/synset-44585,verb,yes,
{hæfte/fæste ende_1§12},https://wordnet.dk/dannet/data/synset-74816,noun,{sy_§1},https://wordnet.dk/dannet/data/synset-2220,verb,yes,
{tage højde_§10 for},https://wordnet.dk/dannet/data/synset-72445,noun,{vurdere_§2},https://wordnet.dk/dannet/data/synset-33281,verb,yes,
{holde bordskik_§2},https://wordnet.dk/dannet/data/synset-74773,noun,{overholde_§1},https://wordnet.dk/dannet/data/synset-44973,verb,yes,
{bryde brødet_1§6},https://wordnet.dk/dannet/data/synset-74774,noun,{uddele_§1},https://wordnet.dk/dannet/data/synset-44750,verb,yes,
{kalde til orden_§13},https://wordnet.dk/dannet/data/synset-72705,noun,{opfordre_§1},https://wordnet.dk/dannet/data/synset-49196,verb,yes,
{slå i hartkorn_§2 med},https://wordnet.dk/dannet/data/synset-65070,noun,{sidestille_§1},https://wordnet.dk/dannet/data/synset-65071,verb,yes,
{blæse en halv pelikan_§2},https://wordnet.dk/dannet/data/synset-63867,noun,{blæse_§1},https://wordnet.dk/dannet/data/synset-63860,verb,yes,
"{slå (prikke, ..) hul_1§12 på}",https://wordnet.dk/dannet/data/synset-67473,noun,{påbegynde_§1},https://wordnet.dk/dannet/data/synset-67476,verb,yes,
{tage hul_1§14 på noget},https://wordnet.dk/dannet/data/synset-67474,noun,{påbegynde_§1},https://wordnet.dk/dannet/data/synset-67476,verb,yes,
{stikke spaden_§4 i jorden},https://wordnet.dk/dannet/data/synset-67479,noun,{påbegynde_§1},https://wordnet.dk/dannet/data/synset-67476,verb,yes,
{trække/hale/hive torsk_§3 i land},https://wordnet.dk/dannet/data/synset-74738,noun,{snorke_§1},https://wordnet.dk/dannet/data/synset-30558,verb,yes,
{have en hånd_§29 med i noget},https://wordnet.dk/dannet/data/synset-73271,noun,{bidrage_§1},https://wordnet.dk/dannet/data/synset-47977,verb,yes,
