target,target URI,target PoS,n,source,source URI,source PoS,retarget candidates,decision,retarget to,comment
{talehandling_§1},https://wordnet.dk/dannet/data/synset-21582,noun,60,{besnakke_§1},https://wordnet.dk/dannet/data/synset-21445,verb,,,,
{talehandling_§1},https://wordnet.dk/dannet/data/synset-21582,noun,60,{bjæffe_§1a},https://wordnet.dk/dannet/data/synset-21446,verb,,,,
{talehandling_§1},https://wordnet.dk/dannet/data/synset-21582,noun,60,{blære_2§2 sig},https://wordnet.dk/dannet/data/synset-21447,verb,,,,
{talehandling_§1},https://wordnet.dk/dannet/data/synset-21582,noun,60,{brovte_§1},https://wordnet.dk/dannet/data/synset-21449,verb,,,,
{talehandling_§1},https://wordnet.dk/dannet/data/synset-21582,noun,60,{brumme_1§1a},https://wordnet.dk/dannet/data/synset-21450,verb,,,,
{talehandling_§1},https://wordnet.dk/dannet/data/synset-21582,noun,60,{brumme_1§1b},https://wordnet.dk/dannet/data/synset-21451,verb,,,,
{talehandling_§1},https://wordnet.dk/dannet/data/synset-21582,noun,60,{bræge_§1a},https://wordnet.dk/dannet/data/synset-21452,verb,,,,
{talehandling_§1},https://wordnet.dk/dannet/data/synset-21582,noun,60,{bugtale_§1},https://wordnet.dk/dannet/data/synset-21453,verb,,,,
{talehandling_§1},https://wordnet.dk/dannet/data/synset-21582,noun,60,{buldre_§1a},https://wordnet.dk/dannet/data/synset-21454,verb,,,,
{talehandling_§1},https://wordnet.dk/dannet/data/synset-21582,noun,60,{causere_§1},https://wordnet.dk/dannet/data/synset-21456,verb,,,,
{talehandling_§1},https://wordnet.dk/dannet/data/synset-21582,noun,60,{docere_§1a},https://wordnet.dk/dannet/data/synset-21460,verb,,,,
{talehandling_§1},https://wordnet.dk/dannet/data/synset-21582,noun,60,{dræve_§1},https://wordnet.dk/dannet/data/synset-21461,verb,,,,
{talehandling_§1},https://wordnet.dk/dannet/data/synset-21582,noun,60,{fable_§1a},https://wordnet.dk/dannet/data/synset-21468,verb,,,,
{talehandling_§1},https://wordnet.dk/dannet/data/synset-21582,noun,60,{fable_§1},https://wordnet.dk/dannet/data/synset-21467,verb,,,,
{talehandling_§1},https://wordnet.dk/dannet/data/synset-21582,noun,60,{gabe_§1c},https://wordnet.dk/dannet/data/synset-21477,verb,,,,
{talehandling_§1},https://wordnet.dk/dannet/data/synset-21582,noun,60,{gale_§1a; skrige_§2},https://wordnet.dk/dannet/data/synset-21552,verb,,,,
{talehandling_§1},https://wordnet.dk/dannet/data/synset-21582,noun,60,{gispe_§2},https://wordnet.dk/dannet/data/synset-21480,verb,,,,
{talehandling_§1},https://wordnet.dk/dannet/data/synset-21582,noun,60,{hakke_2§3a},https://wordnet.dk/dannet/data/synset-21483,verb,,,,
{talehandling_§1},https://wordnet.dk/dannet/data/synset-21582,noun,60,{hikke_2§1a},https://wordnet.dk/dannet/data/synset-21484,verb,,,,
{talehandling_§1},https://wordnet.dk/dannet/data/synset-21582,noun,60,{hviske_§1b},https://wordnet.dk/dannet/data/synset-21488,verb,,,,
{talehandling_§1},https://wordnet.dk/dannet/data/synset-21582,noun,60,{hviske_§1},https://wordnet.dk/dannet/data/synset-21487,verb,,,,
{talehandling_§1},https://wordnet.dk/dannet/data/synset-21582,noun,60,{hvisle_§2},https://wordnet.dk/dannet/data/synset-21489,verb,,,,
{talehandling_§1},https://wordnet.dk/dannet/data/synset-21582,noun,60,{hvæse_§1a},https://wordnet.dk/dannet/data/synset-21490,verb,,,,
{talehandling_§1},https://wordnet.dk/dannet/data/synset-21582,noun,60,{hyle_§2},https://wordnet.dk/dannet/data/synset-21491,verb,,,,
{talehandling_§1},https://wordnet.dk/dannet/data/synset-21582,noun,60,{kagle_§1a},https://wordnet.dk/dannet/data/synset-21498,verb,,,,
{talehandling_§1},https://wordnet.dk/dannet/data/synset-21582,noun,60,{knurre_§1b},https://wordnet.dk/dannet/data/synset-21501,verb,,,,
{talehandling_§1},https://wordnet.dk/dannet/data/synset-21582,noun,60,{kurre_2§1a},https://wordnet.dk/dannet/data/synset-21502,verb,,,,
{talehandling_§1},https://wordnet.dk/dannet/data/synset-21582,noun,60,{kvidre_§1a},https://wordnet.dk/dannet/data/synset-21504,verb,,,,
{talehandling_§1},https://wordnet.dk/dannet/data/synset-21582,noun,60,{kvække_§1a},https://wordnet.dk/dannet/data/synset-21505,verb,,,,
{talehandling_§1},https://wordnet.dk/dannet/data/synset-21582,noun,60,{kæfte_§1 op},https://wordnet.dk/dannet/data/synset-21507,verb,,,,
{talehandling_§1},https://wordnet.dk/dannet/data/synset-21582,noun,60,{lalle_§2},https://wordnet.dk/dannet/data/synset-21508,verb,,,,
{talehandling_§1},https://wordnet.dk/dannet/data/synset-21582,noun,60,{lyde_2§1a},https://wordnet.dk/dannet/data/synset-21511,verb,,,,
{talehandling_§1},https://wordnet.dk/dannet/data/synset-21582,noun,60,{læspe_§1},https://wordnet.dk/dannet/data/synset-21512,verb,,,,
{talehandling_§1},https://wordnet.dk/dannet/data/synset-21582,noun,60,{messe_4§2},https://wordnet.dk/dannet/data/synset-21516,verb,,,,
{talehandling_§1},https://wordnet.dk/dannet/data/synset-21582,noun,60,{misrekommandere_§1},https://wordnet.dk/dannet/data/synset-21519,verb,,,,
{talehandling_§1},https://wordnet.dk/dannet/data/synset-21582,noun,60,{mumle_§1},https://wordnet.dk/dannet/data/synset-21523,verb,,,,
{talehandling_§1},https://wordnet.dk/dannet/data/synset-21582,noun,60,{omtale_2§2},https://wordnet.dk/dannet/data/synset-21531,verb,,,,
{talehandling_§1},https://wordnet.dk/dannet/data/synset-21582,noun,60,{overdøve_§1},https://wordnet.dk/dannet/data/synset-21533,verb,,,,
{talehandling_§1},https://wordnet.dk/dannet/data/synset-21582,noun,60,{passiare_§1; sludre_§1},https://wordnet.dk/dannet/data/synset-21556,verb,,,,
{talehandling_§1},https://wordnet.dk/dannet/data/synset-21582,noun,60,{rappe_2§1},https://wordnet.dk/dannet/data/synset-21540,verb,,,,
{talehandling_§1},https://wordnet.dk/dannet/data/synset-21582,noun,60,{raspe_§1c},https://wordnet.dk/dannet/data/synset-21541,verb,,,,
{talehandling_§1},https://wordnet.dk/dannet/data/synset-21582,noun,60,{ringe_1§10 sammen},https://wordnet.dk/dannet/data/synset-21546,verb,,,,
{talehandling_§1},https://wordnet.dk/dannet/data/synset-21582,noun,60,{råbe_§1},https://wordnet.dk/dannet/data/synset-21547,verb,,,,
{talehandling_§1},https://wordnet.dk/dannet/data/synset-21582,noun,60,{skratte_§1b},https://wordnet.dk/dannet/data/synset-21551,verb,,,,
{talehandling_§1},https://wordnet.dk/dannet/data/synset-21582,noun,60,{skræppe_2§2},https://wordnet.dk/dannet/data/synset-21553,verb,,,,
{talehandling_§1},https://wordnet.dk/dannet/data/synset-21582,noun,60,{snakke/tale_§22 godt for nogen; tale_2§23 godt for nogen},https://wordnet.dk/dannet/data/synset-21557,verb,,,,
{talehandling_§1},https://wordnet.dk/dannet/data/synset-21582,noun,60,{snakke_§2a},https://wordnet.dk/dannet/data/synset-21559,verb,,,,
{talehandling_§1},https://wordnet.dk/dannet/data/synset-21582,noun,60,{snakke_§2},https://wordnet.dk/dannet/data/synset-21558,verb,,,,
{talehandling_§1},https://wordnet.dk/dannet/data/synset-21582,noun,60,{snakkes_§20 ved; tales/snakkes_2§43 ved},https://wordnet.dk/dannet/data/synset-21560,verb,,,,
{talehandling_§1},https://wordnet.dk/dannet/data/synset-21582,noun,60,{snappe_§1a},https://wordnet.dk/dannet/data/synset-21562,verb,,,,
{talehandling_§1},https://wordnet.dk/dannet/data/synset-21582,noun,60,{snøvle_§1},https://wordnet.dk/dannet/data/synset-21563,verb,,,,
{talehandling_§1},https://wordnet.dk/dannet/data/synset-21582,noun,60,{stamme_4§1a},https://wordnet.dk/dannet/data/synset-21568,verb,,,,
{talehandling_§1},https://wordnet.dk/dannet/data/synset-21582,noun,60,{svine_§2a til; tilsvine_§1},https://wordnet.dk/dannet/data/synset-21573,verb,,,,
{talehandling_§1},https://wordnet.dk/dannet/data/synset-21582,noun,60,{synge_§4},https://wordnet.dk/dannet/data/synset-21574,verb,,,,
{talehandling_§1},https://wordnet.dk/dannet/data/synset-21582,noun,60,{tordne_§2},https://wordnet.dk/dannet/data/synset-21591,verb,,,,
{talehandling_§1},https://wordnet.dk/dannet/data/synset-21582,noun,60,{træde_1§2c},https://wordnet.dk/dannet/data/synset-21595,verb,,,,
{talehandling_§1},https://wordnet.dk/dannet/data/synset-21582,noun,60,{trænge_§8a(1) (sig) ind på nogen},https://wordnet.dk/dannet/data/synset-21596,verb,,,,
{talehandling_§1},https://wordnet.dk/dannet/data/synset-21582,noun,60,{udbrede_§3 sig},https://wordnet.dk/dannet/data/synset-21602,verb,,,,
{talehandling_§1},https://wordnet.dk/dannet/data/synset-21582,noun,60,{vibrere_§1b},https://wordnet.dk/dannet/data/synset-21611,verb,,,,
{talehandling_§1},https://wordnet.dk/dannet/data/synset-21582,noun,60,{væve_§2},https://wordnet.dk/dannet/data/synset-21616,verb,,,,
{rejse_1§1},https://wordnet.dk/dannet/data/synset-23259,noun,20,{afrejse_2§1},https://wordnet.dk/dannet/data/synset-23260,verb,{rejse_2§1e} <https://wordnet.dk/dannet/data/synset-63836>; {rejse_2§3} <https://wordnet.dk/dannet/data/synset-31390>; {rejse_2§2b} <https://wordnet.dk/dannet/data/synset-70201>,,,
{rejse_1§1},https://wordnet.dk/dannet/data/synset-23259,noun,20,{berejse_§1},https://wordnet.dk/dannet/data/synset-23262,verb,{rejse_2§1e} <https://wordnet.dk/dannet/data/synset-63836>; {rejse_2§3} <https://wordnet.dk/dannet/data/synset-31390>; {rejse_2§2b} <https://wordnet.dk/dannet/data/synset-70201>,,,
{rejse_1§1},https://wordnet.dk/dannet/data/synset-23259,noun,20,{blaffe_§1},https://wordnet.dk/dannet/data/synset-23263,verb,{rejse_2§1e} <https://wordnet.dk/dannet/data/synset-63836>; {rejse_2§3} <https://wordnet.dk/dannet/data/synset-31390>; {rejse_2§2b} <https://wordnet.dk/dannet/data/synset-70201>,,,
{rejse_1§1},https://wordnet.dk/dannet/data/synset-23259,noun,20,{dampe_§3},https://wordnet.dk/dannet/data/synset-23264,verb,{rejse_2§1e} <https://wordnet.dk/dannet/data/synset-63836>; {rejse_2§3} <https://wordnet.dk/dannet/data/synset-31390>; {rejse_2§2b} <https://wordnet.dk/dannet/data/synset-70201>,,,
{rejse_1§1},https://wordnet.dk/dannet/data/synset-23259,noun,20,{emigrere_§1; udvandre_§1},https://wordnet.dk/dannet/data/synset-23265,verb,{rejse_2§1e} <https://wordnet.dk/dannet/data/synset-63836>; {rejse_2§3} <https://wordnet.dk/dannet/data/synset-31390>; {rejse_2§2b} <https://wordnet.dk/dannet/data/synset-70201>,,,
{rejse_1§1},https://wordnet.dk/dannet/data/synset-23259,noun,20,{fare_2§1b},https://wordnet.dk/dannet/data/synset-23266,verb,{rejse_2§1e} <https://wordnet.dk/dannet/data/synset-63836>; {rejse_2§3} <https://wordnet.dk/dannet/data/synset-31390>; {rejse_2§2b} <https://wordnet.dk/dannet/data/synset-70201>,,,
{rejse_1§1},https://wordnet.dk/dannet/data/synset-23259,noun,20,{farte_§1},https://wordnet.dk/dannet/data/synset-23267,verb,{rejse_2§1e} <https://wordnet.dk/dannet/data/synset-63836>; {rejse_2§3} <https://wordnet.dk/dannet/data/synset-31390>; {rejse_2§2b} <https://wordnet.dk/dannet/data/synset-70201>,,,
{rejse_1§1},https://wordnet.dk/dannet/data/synset-23259,noun,20,{flakke_2§2},https://wordnet.dk/dannet/data/synset-23268,verb,{rejse_2§1e} <https://wordnet.dk/dannet/data/synset-63836>; {rejse_2§3} <https://wordnet.dk/dannet/data/synset-31390>; {rejse_2§2b} <https://wordnet.dk/dannet/data/synset-70201>,,,
{rejse_1§1},https://wordnet.dk/dannet/data/synset-23259,noun,20,{flyve_§2},https://wordnet.dk/dannet/data/synset-23269,verb,{rejse_2§1e} <https://wordnet.dk/dannet/data/synset-63836>; {rejse_2§3} <https://wordnet.dk/dannet/data/synset-31390>; {rejse_2§2b} <https://wordnet.dk/dannet/data/synset-70201>,,,
{rejse_1§1},https://wordnet.dk/dannet/data/synset-23259,noun,20,{gennemkrydse_§1},https://wordnet.dk/dannet/data/synset-23271,verb,{rejse_2§1e} <https://wordnet.dk/dannet/data/synset-63836>; {rejse_2§3} <https://wordnet.dk/dannet/data/synset-31390>; {rejse_2§2b} <https://wordnet.dk/dannet/data/synset-70201>,,,
{rejse_1§1},https://wordnet.dk/dannet/data/synset-23259,noun,20,{gennempløje_§1; pløje_§2a(2) (i)gennem},https://wordnet.dk/dannet/data/synset-23277,verb,{rejse_2§1e} <https://wordnet.dk/dannet/data/synset-63836>; {rejse_2§3} <https://wordnet.dk/dannet/data/synset-31390>; {rejse_2§2b} <https://wordnet.dk/dannet/data/synset-70201>,,,
{rejse_1§1},https://wordnet.dk/dannet/data/synset-23259,noun,20,{gennemrejse_2§1},https://wordnet.dk/dannet/data/synset-23272,verb,{rejse_2§1e} <https://wordnet.dk/dannet/data/synset-63836>; {rejse_2§3} <https://wordnet.dk/dannet/data/synset-31390>; {rejse_2§2b} <https://wordnet.dk/dannet/data/synset-70201>,,,
{rejse_1§1},https://wordnet.dk/dannet/data/synset-23259,noun,20,{indrejse_2§1},https://wordnet.dk/dannet/data/synset-23273,verb,{rejse_2§1e} <https://wordnet.dk/dannet/data/synset-63836>; {rejse_2§3} <https://wordnet.dk/dannet/data/synset-31390>; {rejse_2§2b} <https://wordnet.dk/dannet/data/synset-70201>,,,
{rejse_1§1},https://wordnet.dk/dannet/data/synset-23259,noun,20,{pendle_§1a},https://wordnet.dk/dannet/data/synset-23276,verb,{rejse_2§1e} <https://wordnet.dk/dannet/data/synset-63836>; {rejse_2§3} <https://wordnet.dk/dannet/data/synset-31390>; {rejse_2§2b} <https://wordnet.dk/dannet/data/synset-70201>,,,
{rejse_1§1},https://wordnet.dk/dannet/data/synset-23259,noun,20,{rakke_§3 rundt},https://wordnet.dk/dannet/data/synset-23278,verb,{rejse_2§1e} <https://wordnet.dk/dannet/data/synset-63836>; {rejse_2§3} <https://wordnet.dk/dannet/data/synset-31390>; {rejse_2§2b} <https://wordnet.dk/dannet/data/synset-70201>,,,
{rejse_1§1},https://wordnet.dk/dannet/data/synset-23259,noun,20,{tomle_§1},https://wordnet.dk/dannet/data/synset-23288,verb,{rejse_2§1e} <https://wordnet.dk/dannet/data/synset-63836>; {rejse_2§3} <https://wordnet.dk/dannet/data/synset-31390>; {rejse_2§2b} <https://wordnet.dk/dannet/data/synset-70201>,,,
{rejse_1§1},https://wordnet.dk/dannet/data/synset-23259,noun,20,{ture_1§1},https://wordnet.dk/dannet/data/synset-23289,verb,{rejse_2§1e} <https://wordnet.dk/dannet/data/synset-63836>; {rejse_2§3} <https://wordnet.dk/dannet/data/synset-31390>; {rejse_2§2b} <https://wordnet.dk/dannet/data/synset-70201>,,,
{rejse_1§1},https://wordnet.dk/dannet/data/synset-23259,noun,20,{turnere_§1},https://wordnet.dk/dannet/data/synset-23290,verb,{rejse_2§1e} <https://wordnet.dk/dannet/data/synset-63836>; {rejse_2§3} <https://wordnet.dk/dannet/data/synset-31390>; {rejse_2§2b} <https://wordnet.dk/dannet/data/synset-70201>,,,
{rejse_1§1},https://wordnet.dk/dannet/data/synset-23259,noun,20,{udrejse_2§1},https://wordnet.dk/dannet/data/synset-23291,verb,{rejse_2§1e} <https://wordnet.dk/dannet/data/synset-63836>; {rejse_2§3} <https://wordnet.dk/dannet/data/synset-31390>; {rejse_2§2b} <https://wordnet.dk/dannet/data/synset-70201>,,,
{rejse_1§1},https://wordnet.dk/dannet/data/synset-23259,noun,20,{valfarte_§1a},https://wordnet.dk/dannet/data/synset-23293,verb,{rejse_2§1e} <https://wordnet.dk/dannet/data/synset-63836>; {rejse_2§3} <https://wordnet.dk/dannet/data/synset-31390>; {rejse_2§2b} <https://wordnet.dk/dannet/data/synset-70201>,,,
{fjerne_§1},https://wordnet.dk/dannet/data/synset-27703,verb,14,{afvigelse_§2},https://wordnet.dk/dannet/data/synset-27667,noun,,,,
{fjerne_§1},https://wordnet.dk/dannet/data/synset-27703,verb,14,{decentrering_§1},https://wordnet.dk/dannet/data/synset-27688,noun,,,,
{fjerne_§1},https://wordnet.dk/dannet/data/synset-27703,verb,14,{filtrering_§1},https://wordnet.dk/dannet/data/synset-27702,noun,,,,
{fjerne_§1},https://wordnet.dk/dannet/data/synset-27703,verb,14,{mørklægning_§1},https://wordnet.dk/dannet/data/synset-27743,noun,,,,
{fjerne_§1},https://wordnet.dk/dannet/data/synset-27703,verb,14,{nedskæring_§2},https://wordnet.dk/dannet/data/synset-27745,noun,,,,
{fjerne_§1},https://wordnet.dk/dannet/data/synset-27703,verb,14,{rydning_§1a},https://wordnet.dk/dannet/data/synset-27777,noun,,,,
{fjerne_§1},https://wordnet.dk/dannet/data/synset-27703,verb,14,{snerydning_§1},https://wordnet.dk/dannet/data/synset-27808,noun,,,,
{fjerne_§1},https://wordnet.dk/dannet/data/synset-27703,verb,14,{træk_§7},https://wordnet.dk/dannet/data/synset-27833,noun,,,,
{fjerne_§1},https://wordnet.dk/dannet/data/synset-27703,verb,14,{udrensning_§1},https://wordnet.dk/dannet/data/synset-27850,noun,,,,
{fjerne_§1},https://wordnet.dk/dannet/data/synset-27703,verb,14,{udrensning_§2},https://wordnet.dk/dannet/data/synset-27851,noun,,,,
{fjerne_§1},https://wordnet.dk/dannet/data/synset-27703,verb,14,{udskiftning_§1},https://wordnet.dk/dannet/data/synset-27855,noun,,,,
{fjerne_§1},https://wordnet.dk/dannet/data/synset-27703,verb,14,{udtagelse_§2},https://wordnet.dk/dannet/data/synset-27860,noun,,,,
{fjerne_§1},https://wordnet.dk/dannet/data/synset-27703,verb,14,{udtagning_§1},https://wordnet.dk/dannet/data/synset-27861,noun,,,,
{fjerne_§1},https://wordnet.dk/dannet/data/synset-27703,verb,14,{udtrækning_§3},https://wordnet.dk/dannet/data/synset-27863,noun,,,,
{sindslidende_§1; sindssyg_§1},https://wordnet.dk/dannet/data/synset-68311,adjective,10,{depression_§1},https://wordnet.dk/dannet/data/synset-16490,noun,{sindslidende_§1a} <https://wordnet.dk/dannet/data/synset-47653>,,https://wordnet.dk/dannet/data/synset-47653,
{sindslidende_§1; sindssyg_§1},https://wordnet.dk/dannet/data/synset-68311,adjective,10,{granatchok_§1},https://wordnet.dk/dannet/data/synset-16516,noun,{sindslidende_§1a} <https://wordnet.dk/dannet/data/synset-47653>,,https://wordnet.dk/dannet/data/synset-47653,
{sindslidende_§1; sindssyg_§1},https://wordnet.dk/dannet/data/synset-68311,adjective,10,{grænsepsykose_§1},https://wordnet.dk/dannet/data/synset-16518,noun,{sindslidende_§1a} <https://wordnet.dk/dannet/data/synset-47653>,,https://wordnet.dk/dannet/data/synset-47653,
{sindslidende_§1; sindssyg_§1},https://wordnet.dk/dannet/data/synset-68311,adjective,10,{hysteri_§1},https://wordnet.dk/dannet/data/synset-16536,noun,{sindslidende_§1a} <https://wordnet.dk/dannet/data/synset-47653>,,https://wordnet.dk/dannet/data/synset-47653,
{sindslidende_§1; sindssyg_§1},https://wordnet.dk/dannet/data/synset-68311,adjective,10,{maniodepressivitet_§1},https://wordnet.dk/dannet/data/synset-16565,noun,{sindslidende_§1a} <https://wordnet.dk/dannet/data/synset-47653>,,https://wordnet.dk/dannet/data/synset-47653,
{sindslidende_§1; sindssyg_§1},https://wordnet.dk/dannet/data/synset-68311,adjective,10,{nervelidelse_§2; nervesygdom_§2},https://wordnet.dk/dannet/data/synset-16575,noun,{sindslidende_§1a} <https://wordnet.dk/dannet/data/synset-47653>,,https://wordnet.dk/dannet/data/synset-47653,
{sindslidende_§1; sindssyg_§1},https://wordnet.dk/dannet/data/synset-68311,adjective,10,{neurose_§1},https://wordnet.dk/dannet/data/synset-16578,noun,{sindslidende_§1a} <https://wordnet.dk/dannet/data/synset-47653>,,https://wordnet.dk/dannet/data/synset-47653,
{sindslidende_§1; sindssyg_§1},https://wordnet.dk/dannet/data/synset-68311,adjective,10,{paranoia_§1},https://wordnet.dk/dannet/data/synset-16584,noun,{sindslidende_§1a} <https://wordnet.dk/dannet/data/synset-47653>,,https://wordnet.dk/dannet/data/synset-47653,
{sindslidende_§1; sindssyg_§1},https://wordnet.dk/dannet/data/synset-68311,adjective,10,{psykose_§1},https://wordnet.dk/dannet/data/synset-16591,noun,{sindslidende_§1a} <https://wordnet.dk/dannet/data/synset-47653>,,https://wordnet.dk/dannet/data/synset-47653,
{sindslidende_§1; sindssyg_§1},https://wordnet.dk/dannet/data/synset-68311,adjective,10,{skizofreni_§1; ungdomssløvsind_§1},https://wordnet.dk/dannet/data/synset-16602,noun,{sindslidende_§1a} <https://wordnet.dk/dannet/data/synset-47653>,,https://wordnet.dk/dannet/data/synset-47653,
{skrive_§1},https://wordnet.dk/dannet/data/synset-1840,verb,9,{brevskrivning_§1},https://wordnet.dk/dannet/data/synset-22519,noun,,,,
{skrive_§1},https://wordnet.dk/dannet/data/synset-1840,verb,9,{digtning_§2},https://wordnet.dk/dannet/data/synset-22521,noun,,,,
{skrive_§1},https://wordnet.dk/dannet/data/synset-1840,verb,9,{historieskrivning_§1},https://wordnet.dk/dannet/data/synset-22531,noun,,,,
{skrive_§1},https://wordnet.dk/dannet/data/synset-1840,verb,9,{notering_§4},https://wordnet.dk/dannet/data/synset-22551,noun,,,,
{skrive_§1},https://wordnet.dk/dannet/data/synset-1840,verb,9,{optegnelse_§2},https://wordnet.dk/dannet/data/synset-22553,noun,,,,
{skrive_§1},https://wordnet.dk/dannet/data/synset-1840,verb,9,{sammenskrivning_§2},https://wordnet.dk/dannet/data/synset-65465,noun,,,,
{skrive_§1},https://wordnet.dk/dannet/data/synset-1840,verb,9,{skriveri_§2},https://wordnet.dk/dannet/data/synset-22568,noun,,,,
{skrive_§1},https://wordnet.dk/dannet/data/synset-1840,verb,9,{stileskrivning_§1},https://wordnet.dk/dannet/data/synset-22586,noun,,,,
{skrive_§1},https://wordnet.dk/dannet/data/synset-1840,verb,9,{særskrivning_§1},https://wordnet.dk/dannet/data/synset-65466,noun,,,,
{frembringe_§1},https://wordnet.dk/dannet/data/synset-22598,verb,7,{dannelse_§1},https://wordnet.dk/dannet/data/synset-30440,noun,,,,
{frembringe_§1},https://wordnet.dk/dannet/data/synset-22598,verb,7,{fremstilling_§1},https://wordnet.dk/dannet/data/synset-30453,noun,,,,
{frembringe_§1},https://wordnet.dk/dannet/data/synset-22598,verb,7,{kreation_§1},https://wordnet.dk/dannet/data/synset-30487,noun,,,,
{frembringe_§1},https://wordnet.dk/dannet/data/synset-22598,verb,7,{krydsning_§1},https://wordnet.dk/dannet/data/synset-30492,noun,,,,
{frembringe_§1},https://wordnet.dk/dannet/data/synset-22598,verb,7,{rids_§1},https://wordnet.dk/dannet/data/synset-30525,noun,,,,
{frembringe_§1},https://wordnet.dk/dannet/data/synset-22598,verb,7,{skrivning_§1},https://wordnet.dk/dannet/data/synset-30548,noun,,,,
{frembringe_§1},https://wordnet.dk/dannet/data/synset-22598,verb,7,{trylleri_§3},https://wordnet.dk/dannet/data/synset-30591,noun,,,,
{rød_§1; rødfarvet},https://wordnet.dk/dannet/data/synset-15120,adjective,6,{cinnober_§2},https://wordnet.dk/dannet/data/synset-14893,noun,{rød_§2a} <https://wordnet.dk/dannet/data/synset-66841>,,https://wordnet.dk/dannet/data/synset-66841,
{rød_§1; rødfarvet},https://wordnet.dk/dannet/data/synset-15120,adjective,6,{karmin_§1a},https://wordnet.dk/dannet/data/synset-14888,noun,{rød_§2a} <https://wordnet.dk/dannet/data/synset-66841>,,https://wordnet.dk/dannet/data/synset-66841,
{rød_§1; rødfarvet},https://wordnet.dk/dannet/data/synset-15120,adjective,6,{koral_1§3},https://wordnet.dk/dannet/data/synset-14872,noun,{rød_§2a} <https://wordnet.dk/dannet/data/synset-66841>,,https://wordnet.dk/dannet/data/synset-66841,
{rød_§1; rødfarvet},https://wordnet.dk/dannet/data/synset-15120,adjective,6,{lyserød_§1b},https://wordnet.dk/dannet/data/synset-15017,noun,{rød_§2a} <https://wordnet.dk/dannet/data/synset-66841>,,https://wordnet.dk/dannet/data/synset-66841,
{rød_§1; rødfarvet},https://wordnet.dk/dannet/data/synset-15120,adjective,6,{mørkebrun_§1b},https://wordnet.dk/dannet/data/synset-14965,noun,{rød_§2a} <https://wordnet.dk/dannet/data/synset-66841>,,https://wordnet.dk/dannet/data/synset-66841,
{rød_§1; rødfarvet},https://wordnet.dk/dannet/data/synset-15120,adjective,6,{vinrød_§1a},https://wordnet.dk/dannet/data/synset-15085,noun,{rød_§2a} <https://wordnet.dk/dannet/data/synset-66841>,,https://wordnet.dk/dannet/data/synset-66841,
{blå_§1; blåfarvet_§2},https://wordnet.dk/dannet/data/synset-15111,adjective,5,{akvamarin_§2},https://wordnet.dk/dannet/data/synset-14949,noun,,,,
{blå_§1; blåfarvet_§2},https://wordnet.dk/dannet/data/synset-15111,adjective,5,{cyan_§1},https://wordnet.dk/dannet/data/synset-14908,noun,,,,
{blå_§1; blåfarvet_§2},https://wordnet.dk/dannet/data/synset-15111,adjective,5,{kobolt_§2},https://wordnet.dk/dannet/data/synset-14913,noun,,,,
{blå_§1; blåfarvet_§2},https://wordnet.dk/dannet/data/synset-15111,adjective,5,{turkis_2§1a},https://wordnet.dk/dannet/data/synset-15075,noun,,,,
{blå_§1; blåfarvet_§2},https://wordnet.dk/dannet/data/synset-15111,adjective,5,{ultramarinblå_§1a},https://wordnet.dk/dannet/data/synset-15158,noun,,,,
{erklære_§1},https://wordnet.dk/dannet/data/synset-30646,verb,5,{indforståelse_§1},https://wordnet.dk/dannet/data/synset-30655,noun,,,,
{erklære_§1},https://wordnet.dk/dannet/data/synset-30646,verb,5,{opsigelse_§1},https://wordnet.dk/dannet/data/synset-30666,noun,,,,
{erklære_§1},https://wordnet.dk/dannet/data/synset-30646,verb,5,{samtykke_1§2},https://wordnet.dk/dannet/data/synset-30673,noun,,,,
{erklære_§1},https://wordnet.dk/dannet/data/synset-30646,verb,5,{tilslutning_§1},https://wordnet.dk/dannet/data/synset-30683,noun,,,,
{erklære_§1},https://wordnet.dk/dannet/data/synset-30646,verb,5,{tilståelse_§1},https://wordnet.dk/dannet/data/synset-30686,noun,,,,
{falde i søvn_§3},https://wordnet.dk/dannet/data/synset-74714,noun,5,{falde_§16(2) hen},https://wordnet.dk/dannet/data/synset-74713,verb,,,,
{falde i søvn_§3},https://wordnet.dk/dannet/data/synset-74714,noun,5,{indslumre_§1; slumre_§3 ind},https://wordnet.dk/dannet/data/synset-74732,verb,,,,
{falde i søvn_§3},https://wordnet.dk/dannet/data/synset-74714,noun,5,{slumre_§2(1) hen},https://wordnet.dk/dannet/data/synset-74731,verb,,,,
{falde i søvn_§3},https://wordnet.dk/dannet/data/synset-74714,noun,5,{sove_§7 ind},https://wordnet.dk/dannet/data/synset-74733,verb,,,,
{falde i søvn_§3},https://wordnet.dk/dannet/data/synset-74714,noun,5,{tørne_§4 ind},https://wordnet.dk/dannet/data/synset-74739,verb,,,,
{fremstille_§1},https://wordnet.dk/dannet/data/synset-1656,verb,5,{billedvævning_§1a},https://wordnet.dk/dannet/data/synset-31914,noun,,,,
{fremstille_§1},https://wordnet.dk/dannet/data/synset-1656,verb,5,{brygning_§1},https://wordnet.dk/dannet/data/synset-31919,noun,,,,
{fremstille_§1},https://wordnet.dk/dannet/data/synset-1656,verb,5,{skomageri_§1},https://wordnet.dk/dannet/data/synset-31966,noun,,,,
{fremstille_§1},https://wordnet.dk/dannet/data/synset-1656,verb,5,{tilberedning_§1},https://wordnet.dk/dannet/data/synset-31973,noun,,,,
{fremstille_§1},https://wordnet.dk/dannet/data/synset-1656,verb,5,{ætsning_§1},https://wordnet.dk/dannet/data/synset-31981,noun,,,,
{skrive_§2},https://wordnet.dk/dannet/data/synset-22574,verb,5,{afskrift_§2},https://wordnet.dk/dannet/data/synset-22515,noun,,,,
{skrive_§2},https://wordnet.dk/dannet/data/synset-22574,verb,5,{afskrivning_§3},https://wordnet.dk/dannet/data/synset-22516,noun,,,,
{skrive_§2},https://wordnet.dk/dannet/data/synset-22574,verb,5,{indskrivning_§2},https://wordnet.dk/dannet/data/synset-22533,noun,,,,
{skrive_§2},https://wordnet.dk/dannet/data/synset-22574,verb,5,{indskrivning_§3},https://wordnet.dk/dannet/data/synset-22534,noun,,,,
{skrive_§2},https://wordnet.dk/dannet/data/synset-22574,verb,5,{skrivning_§2},https://wordnet.dk/dannet/data/synset-22583,noun,,,,
{anbringe_§1},https://wordnet.dk/dannet/data/synset-27496,verb,4,{henlæggelse_§2},https://wordnet.dk/dannet/data/synset-27523,noun,,,,
{anbringe_§1},https://wordnet.dk/dannet/data/synset-27496,verb,4,{indsættelse_§1},https://wordnet.dk/dannet/data/synset-27533,noun,,,,
{anbringe_§1},https://wordnet.dk/dannet/data/synset-27496,verb,4,{ladning_§1a},https://wordnet.dk/dannet/data/synset-27545,noun,,,,
{anbringe_§1},https://wordnet.dk/dannet/data/synset-27496,verb,4,{udlægning_§1},https://wordnet.dk/dannet/data/synset-27616,noun,,,,
{bankansat_§1},https://wordnet.dk/dannet/data/synset-47956,adjective,4,{bankassistent_§1},https://wordnet.dk/dannet/data/synset-61977,noun,,,,
{bankansat_§1},https://wordnet.dk/dannet/data/synset-47956,adjective,4,{bankbetjent_§1},https://wordnet.dk/dannet/data/synset-47957,noun,,,,
{bankansat_§1},https://wordnet.dk/dannet/data/synset-47956,adjective,4,{bankelev_§1},https://wordnet.dk/dannet/data/synset-47958,noun,,,,
{bankansat_§1},https://wordnet.dk/dannet/data/synset-47956,adjective,4,{bankkasserer_§1},https://wordnet.dk/dannet/data/synset-47959,noun,,,,
{beskaffenhed_§1; egenskab_§1; side_§7a},https://wordnet.dk/dannet/data/synset-14959,noun,4,{afvige_§1},https://wordnet.dk/dannet/data/synset-48175,verb,,,,
{beskaffenhed_§1; egenskab_§1; side_§7a},https://wordnet.dk/dannet/data/synset-14959,noun,4,{evne_2§1},https://wordnet.dk/dannet/data/synset-42938,verb,,,,
{beskaffenhed_§1; egenskab_§1; side_§7a},https://wordnet.dk/dannet/data/synset-14959,noun,4,{kunne_§1},https://wordnet.dk/dannet/data/synset-42937,verb,,,,
{beskaffenhed_§1; egenskab_§1; side_§7a},https://wordnet.dk/dannet/data/synset-14959,noun,4,{straffet_2§2},https://wordnet.dk/dannet/data/synset-75268,verb,,,,
{blæst_2§2; dum_§1; hjernetom_§1; tomhjernet_§1; uintelligent_§1},https://wordnet.dk/dannet/data/synset-68317,adjective,4,{dum som en dør_§6},https://wordnet.dk/dannet/data/synset-68316,noun,{blæsevejr_§1; blæst_1§1} <https://wordnet.dk/dannet/data/synset-28689>,,https://wordnet.dk/dannet/data/synset-28689,
{blæst_2§2; dum_§1; hjernetom_§1; tomhjernet_§1; uintelligent_§1},https://wordnet.dk/dannet/data/synset-68317,adjective,4,"{dummere (naivere, ..) end politiet_§2 tillader}",https://wordnet.dk/dannet/data/synset-68326,noun,{blæsevejr_§1; blæst_1§1} <https://wordnet.dk/dannet/data/synset-28689>,,https://wordnet.dk/dannet/data/synset-28689,
{blæst_2§2; dum_§1; hjernetom_§1; tomhjernet_§1; uintelligent_§1},https://wordnet.dk/dannet/data/synset-68317,adjective,4,{have røv_§12 i begge ender},https://wordnet.dk/dannet/data/synset-68331,noun,{blæsevejr_§1; blæst_1§1} <https://wordnet.dk/dannet/data/synset-28689>,,https://wordnet.dk/dannet/data/synset-28689,
{blæst_2§2; dum_§1; hjernetom_§1; tomhjernet_§1; uintelligent_§1},https://wordnet.dk/dannet/data/synset-68317,adjective,4,{være dum i nakken_1§12},https://wordnet.dk/dannet/data/synset-68323,noun,{blæsevejr_§1; blæst_1§1} <https://wordnet.dk/dannet/data/synset-28689>,,https://wordnet.dk/dannet/data/synset-28689,
{meddele_§1},https://wordnet.dk/dannet/data/synset-30693,verb,4,{annoncering_§2},https://wordnet.dk/dannet/data/synset-30794,noun,,,,
{meddele_§1},https://wordnet.dk/dannet/data/synset-30693,verb,4,{kundgørelse_§2},https://wordnet.dk/dannet/data/synset-30811,noun,,,,
{meddele_§1},https://wordnet.dk/dannet/data/synset-30693,verb,4,{opsigelse_§2},https://wordnet.dk/dannet/data/synset-30820,noun,,,,
{meddele_§1},https://wordnet.dk/dannet/data/synset-30693,verb,4,{sygemelding_§1},https://wordnet.dk/dannet/data/synset-30829,noun,,,,
{modalverbum_§1; mådesudsagnsord_§1},https://wordnet.dk/dannet/data/synset-34013,noun,4,{burde_§1},https://wordnet.dk/dannet/data/synset-43273,verb,,,,
{modalverbum_§1; mådesudsagnsord_§1},https://wordnet.dk/dannet/data/synset-34013,noun,4,{kunne_§2},https://wordnet.dk/dannet/data/synset-42939,verb,,,,
{modalverbum_§1; mådesudsagnsord_§1},https://wordnet.dk/dannet/data/synset-34013,noun,4,{kunne_§3},https://wordnet.dk/dannet/data/synset-42940,verb,,,,
{modalverbum_§1; mådesudsagnsord_§1},https://wordnet.dk/dannet/data/synset-34013,noun,4,{måtte_2§1; skulle_§1},https://wordnet.dk/dannet/data/synset-42942,verb,,,,
{opstå_§1},https://wordnet.dk/dannet/data/synset-30639,verb,4,{dannelse_§1a},https://wordnet.dk/dannet/data/synset-55043,noun,,,,
{opstå_§1},https://wordnet.dk/dannet/data/synset-30639,verb,4,{fremvækst_§1a},https://wordnet.dk/dannet/data/synset-70631,noun,,,,
{opstå_§1},https://wordnet.dk/dannet/data/synset-30639,verb,4,{genopstandelse_§1; opstandelse_§1},https://wordnet.dk/dannet/data/synset-70634,noun,,,,
{opstå_§1},https://wordnet.dk/dannet/data/synset-30639,verb,4,{tilkomst_§1},https://wordnet.dk/dannet/data/synset-70635,noun,,,,
{arbejde_1§1},https://wordnet.dk/dannet/data/synset-102,noun,3,{hekse_§1b},https://wordnet.dk/dannet/data/synset-22662,verb,{arbejde_2§1} <https://wordnet.dk/dannet/data/synset-2368>,,https://wordnet.dk/dannet/data/synset-2368,
{arbejde_1§1},https://wordnet.dk/dannet/data/synset-102,noun,3,{reparere_§1; udbedre_§1},https://wordnet.dk/dannet/data/synset-47468,verb,{arbejde_2§1} <https://wordnet.dk/dannet/data/synset-2368>,,https://wordnet.dk/dannet/data/synset-2368,
{arbejde_1§1},https://wordnet.dk/dannet/data/synset-102,noun,3,{samarbejde_2§1},https://wordnet.dk/dannet/data/synset-22736,verb,{arbejde_2§1} <https://wordnet.dk/dannet/data/synset-2368>,,https://wordnet.dk/dannet/data/synset-2368,
{arbejde_1§2; erhverv_§3; job_§1},https://wordnet.dk/dannet/data/synset-2556,noun,3,{nedsætte_§4 sig},https://wordnet.dk/dannet/data/synset-43370,verb,{arbejde_2§1} <https://wordnet.dk/dannet/data/synset-2368>,,https://wordnet.dk/dannet/data/synset-2368,
{arbejde_1§2; erhverv_§3; job_§1},https://wordnet.dk/dannet/data/synset-2556,noun,3,{opdrætte_§1},https://wordnet.dk/dannet/data/synset-47797,verb,{arbejde_2§1} <https://wordnet.dk/dannet/data/synset-2368>,,https://wordnet.dk/dannet/data/synset-2368,
{arbejde_1§2; erhverv_§3; job_§1},https://wordnet.dk/dannet/data/synset-2556,noun,3,{sejle_§3},https://wordnet.dk/dannet/data/synset-22738,verb,{arbejde_2§1} <https://wordnet.dk/dannet/data/synset-2368>,,https://wordnet.dk/dannet/data/synset-2368,
{berette_§1; fortælle_§2},https://wordnet.dk/dannet/data/synset-37047,verb,3,{betroelse_§1},https://wordnet.dk/dannet/data/synset-72735,noun,,,,
{berette_§1; fortælle_§2},https://wordnet.dk/dannet/data/synset-37047,verb,3,{fortælling_§2},https://wordnet.dk/dannet/data/synset-72742,noun,,,,
{berette_§1; fortælle_§2},https://wordnet.dk/dannet/data/synset-37047,verb,3,{historiefortælling_§1; storytelling_§1},https://wordnet.dk/dannet/data/synset-72765,noun,,,,
{butiksansat_§1},https://wordnet.dk/dannet/data/synset-61982,adjective,3,{butiksassistent_§1},https://wordnet.dk/dannet/data/synset-61981,noun,,,,
{butiksansat_§1},https://wordnet.dk/dannet/data/synset-61982,adjective,3,{kasseassistent_§1},https://wordnet.dk/dannet/data/synset-61984,noun,,,,
{butiksansat_§1},https://wordnet.dk/dannet/data/synset-61982,adjective,3,{salgsassistent_§1},https://wordnet.dk/dannet/data/synset-61985,noun,,,,
{hjælpeudsagnsord_§1; hjælpeverbum_§1},https://wordnet.dk/dannet/data/synset-34009,noun,3,{blive_§1},https://wordnet.dk/dannet/data/synset-42943,verb,,,,
{hjælpeudsagnsord_§1; hjælpeverbum_§1},https://wordnet.dk/dannet/data/synset-34009,noun,3,{have_2§13},https://wordnet.dk/dannet/data/synset-42935,verb,,,,
{hjælpeudsagnsord_§1; hjælpeverbum_§1},https://wordnet.dk/dannet/data/synset-34009,noun,3,{være_§3},https://wordnet.dk/dannet/data/synset-42928,verb,,,,
{hvile_1§1},https://wordnet.dk/dannet/data/synset-2108,noun,3,{knalde_§10 ud},https://wordnet.dk/dannet/data/synset-70804,verb,{hvile_2§2(1)} <https://wordnet.dk/dannet/data/synset-66760>; {hvile_2§2(3)} <https://wordnet.dk/dannet/data/synset-77839>; {hvile_2§2(2)} <https://wordnet.dk/dannet/data/synset-77838>,,,
{hvile_1§1},https://wordnet.dk/dannet/data/synset-2108,noun,3,{rekreere_§1 sig},https://wordnet.dk/dannet/data/synset-70805,verb,{hvile_2§2(1)} <https://wordnet.dk/dannet/data/synset-66760>; {hvile_2§2(3)} <https://wordnet.dk/dannet/data/synset-77839>; {hvile_2§2(2)} <https://wordnet.dk/dannet/data/synset-77838>,,,
{hvile_1§1},https://wordnet.dk/dannet/data/synset-2108,noun,3,{sunde_§1 sig},https://wordnet.dk/dannet/data/synset-70806,verb,{hvile_2§2(1)} <https://wordnet.dk/dannet/data/synset-66760>; {hvile_2§2(3)} <https://wordnet.dk/dannet/data/synset-77839>; {hvile_2§2(2)} <https://wordnet.dk/dannet/data/synset-77838>,,,
{slå_2§1},https://wordnet.dk/dannet/data/synset-28199,verb,3,{håndklap_§1},https://wordnet.dk/dannet/data/synset-28158,noun,{slå_1§1} <https://wordnet.dk/dannet/data/synset-34111>,,https://wordnet.dk/dannet/data/synset-34111,
{slå_2§1},https://wordnet.dk/dannet/data/synset-28199,verb,3,{klap_2§2},https://wordnet.dk/dannet/data/synset-28161,noun,{slå_1§1} <https://wordnet.dk/dannet/data/synset-34111>,,https://wordnet.dk/dannet/data/synset-34111,
{slå_2§1},https://wordnet.dk/dannet/data/synset-28199,verb,3,{slåning_§1},https://wordnet.dk/dannet/data/synset-28203,noun,{slå_1§1} <https://wordnet.dk/dannet/data/synset-34111>,,https://wordnet.dk/dannet/data/synset-34111,
{udtrykke_§1},https://wordnet.dk/dannet/data/synset-22006,verb,3,{beklagelse_§2},https://wordnet.dk/dannet/data/synset-21851,noun,,,,
{udtrykke_§1},https://wordnet.dk/dannet/data/synset-22006,verb,3,{klagesang_§1},https://wordnet.dk/dannet/data/synset-21904,noun,,,,
{udtrykke_§1},https://wordnet.dk/dannet/data/synset-22006,verb,3,{omskrivning_§1; perifrase_§1},https://wordnet.dk/dannet/data/synset-21946,noun,,,,
{abstract_entity},https://wordnet.dk/dannet/data/synset-3290,noun,2,{have_2§3},https://wordnet.dk/dannet/data/synset-42929,verb,,,,
{abstract_entity},https://wordnet.dk/dannet/data/synset-3290,noun,2,{være_§2b},https://wordnet.dk/dannet/data/synset-32851,verb,,,,
{aktivitet_§1},https://wordnet.dk/dannet/data/synset-14789,noun,2,{arbejde_2§1},https://wordnet.dk/dannet/data/synset-2368,verb,,,,
{aktivitet_§1},https://wordnet.dk/dannet/data/synset-14789,noun,2,{bolle_2§1; få noget på den dumme_§3},https://wordnet.dk/dannet/data/synset-56573,adjective+verb,,,,
{betale_§1},https://wordnet.dk/dannet/data/synset-43755,verb,2,{rentebetaling_§1},https://wordnet.dk/dannet/data/synset-53721,noun,,,,
{betale_§1},https://wordnet.dk/dannet/data/synset-43755,verb,2,{skattebetaling_§1},https://wordnet.dk/dannet/data/synset-53723,noun,,,,
{dygtighed_§1a; evne_1§1a; kapacitet_§1a; kunnen_§1; nemme_1§1; sans_1§2; streng_1§2a; talent_1§1},https://wordnet.dk/dannet/data/synset-25985,noun,2,{kontrollere_§2},https://wordnet.dk/dannet/data/synset-26044,verb,{evne_2§1} <https://wordnet.dk/dannet/data/synset-42938>,,https://wordnet.dk/dannet/data/synset-42938,
{dygtighed_§1a; evne_1§1a; kapacitet_§1a; kunnen_§1; nemme_1§1; sans_1§2; streng_1§2a; talent_1§1},https://wordnet.dk/dannet/data/synset-25985,noun,2,{modstå_§2},https://wordnet.dk/dannet/data/synset-26069,verb,{evne_2§1} <https://wordnet.dk/dannet/data/synset-42938>,,https://wordnet.dk/dannet/data/synset-42938,
{fremragende_§1},https://wordnet.dk/dannet/data/synset-28817,adjective,2,{i særklasse_§3},https://wordnet.dk/dannet/data/synset-71460,noun,,,,
{fremragende_§1},https://wordnet.dk/dannet/data/synset-28817,adjective,2,{sparke røv_§31},https://wordnet.dk/dannet/data/synset-71457,noun,,,,
{tale_1§1},https://wordnet.dk/dannet/data/synset-21630,noun,2,{drille_§1},https://wordnet.dk/dannet/data/synset-48291,verb,{tale_2§1} <https://wordnet.dk/dannet/data/synset-30583>; {tale_2§3a} <https://wordnet.dk/dannet/data/synset-48443>; {tale_2§3} <https://wordnet.dk/dannet/data/synset-288>,,,
{tale_1§1},https://wordnet.dk/dannet/data/synset-21630,noun,2,{råbe_§4(2) op},https://wordnet.dk/dannet/data/synset-21548,verb,{tale_2§1} <https://wordnet.dk/dannet/data/synset-30583>; {tale_2§3a} <https://wordnet.dk/dannet/data/synset-48443>; {tale_2§3} <https://wordnet.dk/dannet/data/synset-288>,,,
{undersøge_§1},https://wordnet.dk/dannet/data/synset-41732,verb,2,{eftersyn_§1},https://wordnet.dk/dannet/data/synset-41692,noun,,,,
{undersøge_§1},https://wordnet.dk/dannet/data/synset-41732,verb,2,{udredning_§1},https://wordnet.dk/dannet/data/synset-41731,noun,,,,
{afskedige_§1},https://wordnet.dk/dannet/data/synset-30791,verb,1,{afskedigelse_§1},https://wordnet.dk/dannet/data/synset-70991,noun,,,,
{afspille_§1; spille_2§7 af},https://wordnet.dk/dannet/data/synset-45003,verb,1,{slowmotion_§1},https://wordnet.dk/dannet/data/synset-73223,noun,,,,
{afvige_§1},https://wordnet.dk/dannet/data/synset-48175,verb,1,{divergens_§1},https://wordnet.dk/dannet/data/synset-72341,noun,,,,
{anlægge_§1},https://wordnet.dk/dannet/data/synset-47791,verb,1,{vejbyggeri_§1; vejbygning_§1},https://wordnet.dk/dannet/data/synset-73134,noun,,,,
{bebygge_§1},https://wordnet.dk/dannet/data/synset-43435,verb,1,{bebyggelsesform_§1},https://wordnet.dk/dannet/data/synset-55139,noun,,,,
{befinde_§2(1) sig; opholde_§2 sig},https://wordnet.dk/dannet/data/synset-43735,verb,1,{ophold_§1a},https://wordnet.dk/dannet/data/synset-77747,noun,,,,
{beskytte_§1},https://wordnet.dk/dannet/data/synset-44048,verb,1,{korrosionsbeskyttelse_§1},https://wordnet.dk/dannet/data/synset-70153,noun,,,,
{besværlig_§1a; krævende_§2; vanskelig_§2},https://wordnet.dk/dannet/data/synset-68600,adjective,1,{tung at danse_§5 med},https://wordnet.dk/dannet/data/synset-46425,verb,,,,
{disciplin_§2; fag_§1; fagområde_§1; felt_1§2a; genstandsfelt_§1; genstandsområde_§1; gren_§2; retning_§2; skole_1§1c; videnskab_§1a},https://wordnet.dk/dannet/data/synset-3090,noun,1,{videnskabeliggøre_§1},https://wordnet.dk/dannet/data/synset-23706,verb,,,,
{evne_2§1},https://wordnet.dk/dannet/data/synset-42938,verb,1,{arbejdsevne_§1},https://wordnet.dk/dannet/data/synset-72535,noun,{dygtighed_§1a; evne_1§1a; kapacitet_§1a; kunnen_§1; nemme_1§1; sans_1§2; streng_1§2a; talent_1§1} <https://wordnet.dk/dannet/data/synset-25985>; {evne_1§1} <https://wordnet.dk/dannet/data/synset-68263>,,,
{fantasere_§1},https://wordnet.dk/dannet/data/synset-48221,verb,1,{rejse_1§1b},https://wordnet.dk/dannet/data/synset-75285,noun,,,,
{fastgøre_§1},https://wordnet.dk/dannet/data/synset-2215,verb,1,{binding_§1},https://wordnet.dk/dannet/data/synset-74001,noun,,,,
{film_§1},https://wordnet.dk/dannet/data/synset-1812,noun,1,{filmatisere_§1},https://wordnet.dk/dannet/data/synset-26482,verb,,,,
{flette_§1a},https://wordnet.dk/dannet/data/synset-44861,verb,1,{sammenfletning_§1},https://wordnet.dk/dannet/data/synset-69539,noun,,,,
{forandre_§1; lave_2§11 om; ændre_§1},https://wordnet.dk/dannet/data/synset-29369,verb,1,{adresseændring_§1},https://wordnet.dk/dannet/data/synset-61432,noun,,,,
{forekomme_§2},https://wordnet.dk/dannet/data/synset-72812,verb,1,{selskab_§1b},https://wordnet.dk/dannet/data/synset-78542,noun,,,,
{forene_§1},https://wordnet.dk/dannet/data/synset-44950,verb,1,{forening_§3},https://wordnet.dk/dannet/data/synset-64358,noun,,,,
{forhøje_§2},https://wordnet.dk/dannet/data/synset-32990,verb,1,{afgiftsforhøjelse_§1},https://wordnet.dk/dannet/data/synset-57933,noun,,,,
{forlade_§3a},https://wordnet.dk/dannet/data/synset-45036,verb,1,{vælgerflugt},https://wordnet.dk/dannet/data/synset-69520,noun,,,,
{forsyne_§1},https://wordnet.dk/dannet/data/synset-42959,verb,1,{tilførsel_§1},https://wordnet.dk/dannet/data/synset-72471,noun,,,,
{frifinde_§1},https://wordnet.dk/dannet/data/synset-30649,verb,1,{frifindelse_§1},https://wordnet.dk/dannet/data/synset-72421,noun,,,,
{føje_2§3 sammen},https://wordnet.dk/dannet/data/synset-44900,verb,1,{sammenskrivning_§1},https://wordnet.dk/dannet/data/synset-65464,noun,,,,
{gentagelse_§1},https://wordnet.dk/dannet/data/synset-56209,noun,1,{gøre_§4b},https://wordnet.dk/dannet/data/synset-56210,verb,,,,
{gul_§1},https://wordnet.dk/dannet/data/synset-14979,adjective,1,{abrikos_§2},https://wordnet.dk/dannet/data/synset-14916,noun,,,,
{gøre_§1; handle_§1},https://wordnet.dk/dannet/data/synset-2331,verb,1,{hvile_1§1},https://wordnet.dk/dannet/data/synset-2108,noun,,,,
{handling_§1},https://wordnet.dk/dannet/data/synset-11677,noun,1,{ordne_§1},https://wordnet.dk/dannet/data/synset-31411,verb,,,,
{henrette_§1},https://wordnet.dk/dannet/data/synset-2294,verb,1,{henrettelse_§1},https://wordnet.dk/dannet/data/synset-45854,noun,,,,
{hjemløs_§1},https://wordnet.dk/dannet/data/synset-47771,adjective,1,{posedame_§1},https://wordnet.dk/dannet/data/synset-12014,noun,,,,
{hvid_2§1a},https://wordnet.dk/dannet/data/synset-14995,adjective,1,{perlemor_§1a},https://wordnet.dk/dannet/data/synset-14898,noun,{hvid_1§1} <https://wordnet.dk/dannet/data/synset-74694>; {hvid_1§1a} <https://wordnet.dk/dannet/data/synset-18020>,,,
{hyp_2§1; knald_1§2; rap_2§2; samleje_§1},https://wordnet.dk/dannet/data/synset-42400,noun,1,{tage_§26},https://wordnet.dk/dannet/data/synset-42402,verb,,,,
{høste_§1},https://wordnet.dk/dannet/data/synset-2268,verb,1,{kornhøst_§1},https://wordnet.dk/dannet/data/synset-64093,noun,,,,
{indifference_§1; indifferens_§1; indolens_§1; ligegyldighed_§3},https://wordnet.dk/dannet/data/synset-14783,noun,1,{glem det_2§5},https://wordnet.dk/dannet/data/synset-34350,verb,,,,
{indtage_§1; røre_2§1c},https://wordnet.dk/dannet/data/synset-637,verb,1,{rygning_1§1},https://wordnet.dk/dannet/data/synset-74000,noun,,,,
{istandgøre_§1},https://wordnet.dk/dannet/data/synset-32939,verb,1,{toilette_§1},https://wordnet.dk/dannet/data/synset-71993,noun,,,,
{juridisk_§1a; retslig_§2},https://wordnet.dk/dannet/data/synset-68257,adjective,1,{solvens_§1},https://wordnet.dk/dannet/data/synset-26122,noun,,,,
{kedelig_§1; uspændende_§1},https://wordnet.dk/dannet/data/synset-68501,adjective,1,{kedelighed_§1},https://wordnet.dk/dannet/data/synset-68521,noun,,,,
{kedelig_§1a; uspændende_§1a},https://wordnet.dk/dannet/data/synset-68506,adjective,1,{dødens_1§6 pølse},https://wordnet.dk/dannet/data/synset-68517,noun,,,,
{klage_1§2},https://wordnet.dk/dannet/data/synset-53186,noun,1,{brokke_2§2 sig; kværulere_§1},https://wordnet.dk/dannet/data/synset-49070,verb,{klage_2§1} <https://wordnet.dk/dannet/data/synset-32127>; {klage_2§2} <https://wordnet.dk/dannet/data/synset-68096>; {klage_2§1a} <https://wordnet.dk/dannet/data/synset-21903>,,,
{krænke_§1},https://wordnet.dk/dannet/data/synset-44501,verb,1,{overgreb_§1},https://wordnet.dk/dannet/data/synset-69808,noun,,,,
{lave_2§12 til; lave_2§1a; præparere_§1; tilberede_§1; tillave_§1},https://wordnet.dk/dannet/data/synset-349,verb,1,{kogning_§2},https://wordnet.dk/dannet/data/synset-31946,noun,,,,
{le_2§1},https://wordnet.dk/dannet/data/synset-70833,verb,1,{latter_§1},https://wordnet.dk/dannet/data/synset-70832,noun,{le_1§1} <https://wordnet.dk/dannet/data/synset-1957>,,https://wordnet.dk/dannet/data/synset-1957,
{lege_§1; legende_2§1},https://wordnet.dk/dannet/data/synset-23928,adjective+verb,1,{slå smut_2§3},https://wordnet.dk/dannet/data/synset-49304,noun,,,,
{lilla_§1},https://wordnet.dk/dannet/data/synset-14985,adjective,1,{purpurfarve_§1},https://wordnet.dk/dannet/data/synset-14940,noun,,,,
{meningsfuld_§1; meningsfyldt_§1},https://wordnet.dk/dannet/data/synset-46724,adjective,1,{hænge_§11 sammen},https://wordnet.dk/dannet/data/synset-73925,verb,,,,
{mindske_§1},https://wordnet.dk/dannet/data/synset-32900,verb,1,{afdæmpning_§1},https://wordnet.dk/dannet/data/synset-71038,noun,,,,
{omringe_§1},https://wordnet.dk/dannet/data/synset-33330,verb,1,{belejring_§1},https://wordnet.dk/dannet/data/synset-75028,noun,,,,
{opgive_§1},https://wordnet.dk/dannet/data/synset-45045,verb,1,{frafald_§1},https://wordnet.dk/dannet/data/synset-72475,noun,,,,
{ophøre_§1},https://wordnet.dk/dannet/data/synset-30859,verb,1,{ophævelse_§1},https://wordnet.dk/dannet/data/synset-54908,noun,,,,
{overdække_§1a},https://wordnet.dk/dannet/data/synset-38812,verb,1,{bevislighed_§1(2); testimonium_§1(2)},https://wordnet.dk/dannet/data/synset-77798,noun,,,,
{overtale_§1},https://wordnet.dk/dannet/data/synset-71012,verb,1,{overtalelse_§1},https://wordnet.dk/dannet/data/synset-71013,noun,,,,
{pludselig_1§1},https://wordnet.dk/dannet/data/synset-30335,adjective,1,{over en nat_§13},https://wordnet.dk/dannet/data/synset-74574,noun,,,,
{pølse_§1},https://wordnet.dk/dannet/data/synset-204,noun,1,{ristet_1§3},https://wordnet.dk/dannet/data/synset-34927,verb,,,,
{se_§1},https://wordnet.dk/dannet/data/synset-42949,verb,1,{gensyn_§1},https://wordnet.dk/dannet/data/synset-69878,noun,,,,
{skat_§1},https://wordnet.dk/dannet/data/synset-8407,noun,1,{beskatte_§2},https://wordnet.dk/dannet/data/synset-40106,verb,,,,
{skældsord_§1; ukvemsord_§1},https://wordnet.dk/dannet/data/synset-8079,noun,1,"{hvor vil du (han, ..) hen (med det)_§6}",https://wordnet.dk/dannet/data/synset-34398,verb,,,,
{snakke_§1; tale_2§21 frem og tilbage},https://wordnet.dk/dannet/data/synset-32061,verb,1,{snak_§1},https://wordnet.dk/dannet/data/synset-32060,noun,,,,
{stilling_§1b; tilstand_§1},https://wordnet.dk/dannet/data/synset-21809,noun,1,{være_§15 (lige) nogen},https://wordnet.dk/dannet/data/synset-70679,verb,,,,
{svar_1§1},https://wordnet.dk/dannet/data/synset-21572,noun,1,{(åh) jeg be'r_3§6},https://wordnet.dk/dannet/data/synset-38683,verb,,,,
{tidsmæssig_§1},https://wordnet.dk/dannet/data/synset-68648,adjective,1,{for tiden_§15},https://wordnet.dk/dannet/data/synset-21081,noun,,,,
{tiltale_1§2},https://wordnet.dk/dannet/data/synset-21588,noun,1,{hugge_§9(2) til},https://wordnet.dk/dannet/data/synset-73870,verb,{tiltale_2§2} <https://wordnet.dk/dannet/data/synset-73553>; {tiltale_2§3} <https://wordnet.dk/dannet/data/synset-32132>; {tiltale_2§3a} <https://wordnet.dk/dannet/data/synset-73882>,,,
{toilet_§1; vandkloset_§1; wc_§1},https://wordnet.dk/dannet/data/synset-36866,noun,1,{træk og slip_§41},https://wordnet.dk/dannet/data/synset-41610,verb,,,,
{udgift_§1},https://wordnet.dk/dannet/data/synset-8464,noun,1,{koste_2§1a},https://wordnet.dk/dannet/data/synset-57224,verb,,,,
{udnytte_§1},https://wordnet.dk/dannet/data/synset-46989,verb,1,{dyrkning_§1},https://wordnet.dk/dannet/data/synset-73965,noun,,,,
{udvikle_§1},https://wordnet.dk/dannet/data/synset-46970,verb,1,{begivenhedsforløb_§1},https://wordnet.dk/dannet/data/synset-53235,noun,,,,
{varme_2§1},https://wordnet.dk/dannet/data/synset-2712,verb,1,{opkog_§1},https://wordnet.dk/dannet/data/synset-72486,noun,{varme_1§5} <https://wordnet.dk/dannet/data/synset-72640>; {varme_1§3} <https://wordnet.dk/dannet/data/synset-47391>; {varme_1§3a} <https://wordnet.dk/dannet/data/synset-45361>,,,
{violet_§1},https://wordnet.dk/dannet/data/synset-15188,adjective,1,{aubergine_§2},https://wordnet.dk/dannet/data/synset-14912,noun,,,,
{vokse_1§1},https://wordnet.dk/dannet/data/synset-30623,verb,1,{fremvækst_§1},https://wordnet.dk/dannet/data/synset-30604,noun,,,,
{være/blive nødt_§1 til},https://wordnet.dk/dannet/data/synset-77980,adjective,1,{pisket_§6 til},https://wordnet.dk/dannet/data/synset-73609,verb,,,,
