source,source URI,source PoS,target,target URI,target PoS,group,decision,comment
{ikkedansk},https://wordnet.dk/dannet/data/synset-73502,adjective,{dansk_1§1; dansken_1§5(2)},https://wordnet.dk/dannet/data/synset-8109,noun,language,,
{vestdansk},https://wordnet.dk/dannet/data/synset-73505,adjective,{dansk_1§1; dansken_1§5(2)},https://wordnet.dk/dannet/data/synset-8109,noun,language,,
{østdansk},https://wordnet.dk/dannet/data/synset-73506,adjective,{dansk_1§1; dansken_1§5(2)},https://wordnet.dk/dannet/data/synset-8109,noun,language,,
{bornholmsk_§1a},https://wordnet.dk/dannet/data/synset-68948,adjective,{dialekt_§1; folkemål_§1; mundart_§1},https://wordnet.dk/dannet/data/synset-8091,noun,language,,
{fynsk_§1a},https://wordnet.dk/dannet/data/synset-68945,adjective,{dialekt_§1; folkemål_§1; mundart_§1},https://wordnet.dk/dannet/data/synset-8091,noun,language,,
{jysk_§1a},https://wordnet.dk/dannet/data/synset-68944,adjective,{dialekt_§1; folkemål_§1; mundart_§1},https://wordnet.dk/dannet/data/synset-8091,noun,language,,
{københavnsk_§1a},https://wordnet.dk/dannet/data/synset-68942,adjective,{dialekt_§1; folkemål_§1; mundart_§1},https://wordnet.dk/dannet/data/synset-8091,noun,language,,
{lollandsk_§1a},https://wordnet.dk/dannet/data/synset-68943,adjective,{dialekt_§1; folkemål_§1; mundart_§1},https://wordnet.dk/dannet/data/synset-8091,noun,language,,
{samsisk_§1a},https://wordnet.dk/dannet/data/synset-68927,adjective,{dialekt_§1; folkemål_§1; mundart_§1},https://wordnet.dk/dannet/data/synset-8091,noun,language,,
{sjællandsk_§1a},https://wordnet.dk/dannet/data/synset-68938,adjective,{dialekt_§1; folkemål_§1; mundart_§1},https://wordnet.dk/dannet/data/synset-8091,noun,language,,
{skånsk_§1a},https://wordnet.dk/dannet/data/synset-68937,adjective,{dialekt_§1; folkemål_§1; mundart_§1},https://wordnet.dk/dannet/data/synset-8091,noun,language,,
{vestjysk_§1a},https://wordnet.dk/dannet/data/synset-68940,adjective,{dialekt_§1; folkemål_§1; mundart_§1},https://wordnet.dk/dannet/data/synset-8091,noun,language,,
{århusiansk_§1a},https://wordnet.dk/dannet/data/synset-68950,adjective,{dialekt_§1; folkemål_§1; mundart_§1},https://wordnet.dk/dannet/data/synset-8091,noun,language,,
{østjysk_§1a},https://wordnet.dk/dannet/data/synset-68941,adjective,{dialekt_§1; folkemål_§1; mundart_§1},https://wordnet.dk/dannet/data/synset-8091,noun,language,,
{angelsaksisk_§1a; oldengelsk_§1},https://wordnet.dk/dannet/data/synset-28537,adjective,{sprog_§1},https://wordnet.dk/dannet/data/synset-8143,noun,language,,
{catalansk_§2},https://wordnet.dk/dannet/data/synset-28481,adjective,{sprog_§1},https://wordnet.dk/dannet/data/synset-8143,noun,language,,
{engelsk_2§2},https://wordnet.dk/dannet/data/synset-28483,adjective,{sprog_§1},https://wordnet.dk/dannet/data/synset-8143,noun,language,,
{finsk_§1a},https://wordnet.dk/dannet/data/synset-28486,adjective,{sprog_§1},https://wordnet.dk/dannet/data/synset-8143,noun,language,,
{fransk_2§2},https://wordnet.dk/dannet/data/synset-28488,adjective,{sprog_§1},https://wordnet.dk/dannet/data/synset-8143,noun,language,,
{fællesnordisk_§1a},https://wordnet.dk/dannet/data/synset-28490,adjective,{sprog_§1},https://wordnet.dk/dannet/data/synset-8143,noun,language,,
{færøsk_§1a},https://wordnet.dk/dannet/data/synset-28491,adjective,{sprog_§1},https://wordnet.dk/dannet/data/synset-8143,noun,language,,
{fønikisk_§1a},https://wordnet.dk/dannet/data/synset-28492,adjective,{sprog_§1},https://wordnet.dk/dannet/data/synset-8143,noun,language,,
{germansk_§2},https://wordnet.dk/dannet/data/synset-28493,adjective,{sprog_§1},https://wordnet.dk/dannet/data/synset-8143,noun,language,,
{græsk_2§2},https://wordnet.dk/dannet/data/synset-28495,adjective,{sprog_§1},https://wordnet.dk/dannet/data/synset-8143,noun,language,,
{grønlandsk_§1a},https://wordnet.dk/dannet/data/synset-28496,adjective,{sprog_§1},https://wordnet.dk/dannet/data/synset-8143,noun,language,,
{gælisk_§1a},https://wordnet.dk/dannet/data/synset-28497,adjective,{sprog_§1},https://wordnet.dk/dannet/data/synset-8143,noun,language,,
{hebraisk_§1},https://wordnet.dk/dannet/data/synset-28498,adjective,{sprog_§1},https://wordnet.dk/dannet/data/synset-8143,noun,language,,
{indisk_§1a; indoarisk},https://wordnet.dk/dannet/data/synset-28502,adjective,{sprog_§1},https://wordnet.dk/dannet/data/synset-8143,noun,language,,
{indoiransk},https://wordnet.dk/dannet/data/synset-s28127663,adjective,{sprog_§1},https://wordnet.dk/dannet/data/synset-8143,noun,language,,
{italiensk_§1a},https://wordnet.dk/dannet/data/synset-28507,adjective,{sprog_§1},https://wordnet.dk/dannet/data/synset-8143,noun,language,,
{italisk_§1a},https://wordnet.dk/dannet/data/synset-28508,adjective,{sprog_§1},https://wordnet.dk/dannet/data/synset-8143,noun,language,,
{japansk_§1a},https://wordnet.dk/dannet/data/synset-28509,adjective,{sprog_§1},https://wordnet.dk/dannet/data/synset-8143,noun,language,,
{javanesisk_§1a},https://wordnet.dk/dannet/data/synset-28510,adjective,{sprog_§1},https://wordnet.dk/dannet/data/synset-8143,noun,language,,
{jiddisch_§1},https://wordnet.dk/dannet/data/synset-28511,adjective,{sprog_§1},https://wordnet.dk/dannet/data/synset-8143,noun,language,,
{keltisk_§1a},https://wordnet.dk/dannet/data/synset-28514,adjective,{sprog_§1},https://wordnet.dk/dannet/data/synset-8143,noun,language,,
{kinesisk_§1a},https://wordnet.dk/dannet/data/synset-28515,adjective,{sprog_§1},https://wordnet.dk/dannet/data/synset-8143,noun,language,,
{koreansk_§1a},https://wordnet.dk/dannet/data/synset-28517,adjective,{sprog_§1},https://wordnet.dk/dannet/data/synset-8143,noun,language,,
{korsikansk_§1a},https://wordnet.dk/dannet/data/synset-28518,adjective,{sprog_§1},https://wordnet.dk/dannet/data/synset-8143,noun,language,,
{latinsk_§1},https://wordnet.dk/dannet/data/synset-28522,adjective,{sprog_§1},https://wordnet.dk/dannet/data/synset-8143,noun,language,,
{mongolsk_§1a},https://wordnet.dk/dannet/data/synset-28529,adjective,{sprog_§1},https://wordnet.dk/dannet/data/synset-8143,noun,language,,
{nordisk_§1b},https://wordnet.dk/dannet/data/synset-28531,adjective,{sprog_§1},https://wordnet.dk/dannet/data/synset-8143,noun,language,,
{norrøn_§2},https://wordnet.dk/dannet/data/synset-28532,adjective,{sprog_§1},https://wordnet.dk/dannet/data/synset-8143,noun,language,,
{norsk_2§2},https://wordnet.dk/dannet/data/synset-28533,adjective,{sprog_§1},https://wordnet.dk/dannet/data/synset-8143,noun,language,,
{nydansk_2§1},https://wordnet.dk/dannet/data/synset-28534,adjective,{sprog_§1},https://wordnet.dk/dannet/data/synset-8143,noun,language,,
{nynorsk_2§1},https://wordnet.dk/dannet/data/synset-28535,adjective,{sprog_§1},https://wordnet.dk/dannet/data/synset-8143,noun,language,,
{olddansk_§1},https://wordnet.dk/dannet/data/synset-28536,adjective,{sprog_§1},https://wordnet.dk/dannet/data/synset-8143,noun,language,,
{oldgræsk_2§2},https://wordnet.dk/dannet/data/synset-28538,adjective,{sprog_§1},https://wordnet.dk/dannet/data/synset-8143,noun,language,,
{oldnordisk_2§2},https://wordnet.dk/dannet/data/synset-28539,adjective,{sprog_§1},https://wordnet.dk/dannet/data/synset-8143,noun,language,,
{romansk_§2a},https://wordnet.dk/dannet/data/synset-28545,adjective,{sprog_§1},https://wordnet.dk/dannet/data/synset-8143,noun,language,,
{russisk_2§2},https://wordnet.dk/dannet/data/synset-28547,adjective,{sprog_§1},https://wordnet.dk/dannet/data/synset-8143,noun,language,,
{saksisk_§1a},https://wordnet.dk/dannet/data/synset-28548,adjective,{sprog_§1},https://wordnet.dk/dannet/data/synset-8143,noun,language,,
{samisk_§1a},https://wordnet.dk/dannet/data/synset-28549,adjective,{sprog_§1},https://wordnet.dk/dannet/data/synset-8143,noun,language,,
{sardisk_§1a},https://wordnet.dk/dannet/data/synset-28551,adjective,{sprog_§1},https://wordnet.dk/dannet/data/synset-8143,noun,language,,
{slavisk_2§1a},https://wordnet.dk/dannet/data/synset-28554,adjective,{sprog_§1},https://wordnet.dk/dannet/data/synset-8143,noun,language,,
{spansk_2§1a},https://wordnet.dk/dannet/data/synset-28558,adjective,{sprog_§1},https://wordnet.dk/dannet/data/synset-8143,noun,language,,
{sumerisk_§1a},https://wordnet.dk/dannet/data/synset-28560,adjective,{sprog_§1},https://wordnet.dk/dannet/data/synset-8143,noun,language,,
{svensk_2§2},https://wordnet.dk/dannet/data/synset-28561,adjective,{sprog_§1},https://wordnet.dk/dannet/data/synset-8143,noun,language,,
{tysk_2§2},https://wordnet.dk/dannet/data/synset-28567,adjective,{sprog_§1},https://wordnet.dk/dannet/data/synset-8143,noun,language,,
{urnordisk_§1},https://wordnet.dk/dannet/data/synset-28571,adjective,{sprog_§1},https://wordnet.dk/dannet/data/synset-8143,noun,language,,
{vendisk_§1a},https://wordnet.dk/dannet/data/synset-28574,adjective,{sprog_§1},https://wordnet.dk/dannet/data/synset-8143,noun,language,,
{vestnordisk_§2},https://wordnet.dk/dannet/data/synset-28575,adjective,{sprog_§1},https://wordnet.dk/dannet/data/synset-8143,noun,language,,
{østnordisk_§2},https://wordnet.dk/dannet/data/synset-28578,adjective,{sprog_§1},https://wordnet.dk/dannet/data/synset-8143,noun,language,,
{små grå_§7},https://wordnet.dk/dannet/data/synset-1488,adjective,{drik_§1; drikkelse_§1; drikkevare_§1},https://wordnet.dk/dannet/data/synset-116,noun,nominal idiom,,
{de gamle_§5},https://wordnet.dk/dannet/data/synset-69441,adjective,{forældre_§1},https://wordnet.dk/dannet/data/synset-48734,noun,nominal idiom,,
{en lille sort_2§7},https://wordnet.dk/dannet/data/synset-1553,adjective,{kaffe_§1; mokka_§1a},https://wordnet.dk/dannet/data/synset-1478,noun,nominal idiom,,
{butiksansat_§1},https://wordnet.dk/dannet/data/synset-61982,adjective,{ansat},https://wordnet.dk/dannet/data/synset-48279,noun,person,,
{deltidsansat_§1},https://wordnet.dk/dannet/data/synset-61990,adjective,{ansat},https://wordnet.dk/dannet/data/synset-48279,noun,person,,
{fuldtidsansat_§1; heltidsansat},https://wordnet.dk/dannet/data/synset-61988,adjective,{ansat},https://wordnet.dk/dannet/data/synset-48279,noun,person,,
{halvtidsansat_§1},https://wordnet.dk/dannet/data/synset-61989,adjective,{ansat},https://wordnet.dk/dannet/data/synset-48279,noun,person,,
{privatansat_§1},https://wordnet.dk/dannet/data/synset-61987,adjective,{ansat},https://wordnet.dk/dannet/data/synset-48279,noun,person,,
{statsansat_§1},https://wordnet.dk/dannet/data/synset-61991,adjective,{ansat},https://wordnet.dk/dannet/data/synset-48279,noun,person,,
{forbipasserende_§1},https://wordnet.dk/dannet/data/synset-47354,adjective,{hoved_§3; individ_§1; m/k'er; mand_§3; menneske_§1a; person_§1},https://wordnet.dk/dannet/data/synset-2119,noun,person,,
{gangbesværet_§1},https://wordnet.dk/dannet/data/synset-49421,adjective,{hoved_§3; individ_§1; m/k'er; mand_§3; menneske_§1a; person_§1},https://wordnet.dk/dannet/data/synset-2119,noun,person,,
{hjemløs_§1},https://wordnet.dk/dannet/data/synset-47771,adjective,{hoved_§3; individ_§1; m/k'er; mand_§3; menneske_§1a; person_§1},https://wordnet.dk/dannet/data/synset-2119,noun,person,,
{kristen_§2},https://wordnet.dk/dannet/data/synset-48451,adjective,{hoved_§3; individ_§1; m/k'er; mand_§3; menneske_§1a; person_§1},https://wordnet.dk/dannet/data/synset-2119,noun,person,,
{syg_§1(1)},https://wordnet.dk/dannet/data/synset-48456,adjective,{hoved_§3; individ_§1; m/k'er; mand_§3; menneske_§1a; person_§1},https://wordnet.dk/dannet/data/synset-2119,noun,person,,
{troende_2§1},https://wordnet.dk/dannet/data/synset-65331,adjective,{hoved_§3; individ_§1; m/k'er; mand_§3; menneske_§1a; person_§1},https://wordnet.dk/dannet/data/synset-2119,noun,person,,
{bankansat_§1},https://wordnet.dk/dannet/data/synset-47956,adjective,{medarbejder_§1},https://wordnet.dk/dannet/data/synset-6217,noun,person,,
{allerhelvedes_§1},https://wordnet.dk/dannet/data/synset-40368,adjective,{bandeord_§1; ed_§2; kraftudtryk_§1},https://wordnet.dk/dannet/data/synset-7878,noun,register,,
{fandens_§1},https://wordnet.dk/dannet/data/synset-40377,adjective,{bandeord_§1; ed_§2; kraftudtryk_§1},https://wordnet.dk/dannet/data/synset-7878,noun,register,,
{fandens_§2},https://wordnet.dk/dannet/data/synset-40378,adjective,{bandeord_§1; ed_§2; kraftudtryk_§1},https://wordnet.dk/dannet/data/synset-7878,noun,register,,
{fandens_§3},https://wordnet.dk/dannet/data/synset-40379,adjective,{bandeord_§1; ed_§2; kraftudtryk_§1},https://wordnet.dk/dannet/data/synset-7878,noun,register,,
{forbasket_§1},https://wordnet.dk/dannet/data/synset-40380,adjective,{bandeord_§1; ed_§2; kraftudtryk_§1},https://wordnet.dk/dannet/data/synset-7878,noun,register,,
{forbasket_§2},https://wordnet.dk/dannet/data/synset-40381,adjective,{bandeord_§1; ed_§2; kraftudtryk_§1},https://wordnet.dk/dannet/data/synset-7878,noun,register,,
{fordømt_§2a},https://wordnet.dk/dannet/data/synset-40383,adjective,{bandeord_§1; ed_§2; kraftudtryk_§1},https://wordnet.dk/dannet/data/synset-7878,noun,register,,
{fordømt_§2},https://wordnet.dk/dannet/data/synset-40382,adjective,{bandeord_§1; ed_§2; kraftudtryk_§1},https://wordnet.dk/dannet/data/synset-7878,noun,register,,
{forpulet_§1},https://wordnet.dk/dannet/data/synset-40384,adjective,{bandeord_§1; ed_§2; kraftudtryk_§1},https://wordnet.dk/dannet/data/synset-7878,noun,register,,
{fucking_§1},https://wordnet.dk/dannet/data/synset-40386,adjective,{bandeord_§1; ed_§2; kraftudtryk_§1},https://wordnet.dk/dannet/data/synset-7878,noun,register,,
{helvedes_§1},https://wordnet.dk/dannet/data/synset-40392,adjective,{bandeord_§1; ed_§2; kraftudtryk_§1},https://wordnet.dk/dannet/data/synset-7878,noun,register,,
{helvedes_§2},https://wordnet.dk/dannet/data/synset-40393,adjective,{bandeord_§1; ed_§2; kraftudtryk_§1},https://wordnet.dk/dannet/data/synset-7878,noun,register,,
{helvedes_§3},https://wordnet.dk/dannet/data/synset-40394,adjective,{bandeord_§1; ed_§2; kraftudtryk_§1},https://wordnet.dk/dannet/data/synset-7878,noun,register,,
{hulens_§1},https://wordnet.dk/dannet/data/synset-40396,adjective,{bandeord_§1; ed_§2; kraftudtryk_§1},https://wordnet.dk/dannet/data/synset-7878,noun,register,,
{hulens_§2},https://wordnet.dk/dannet/data/synset-40397,adjective,{bandeord_§1; ed_§2; kraftudtryk_§1},https://wordnet.dk/dannet/data/synset-7878,noun,register,,
{kattens_§1},https://wordnet.dk/dannet/data/synset-40399,adjective,{bandeord_§1; ed_§2; kraftudtryk_§1},https://wordnet.dk/dannet/data/synset-7878,noun,register,,
{pokkers_§1},https://wordnet.dk/dannet/data/synset-40408,adjective,{bandeord_§1; ed_§2; kraftudtryk_§1},https://wordnet.dk/dannet/data/synset-7878,noun,register,,
{pokkers_§2},https://wordnet.dk/dannet/data/synset-40409,adjective,{bandeord_§1; ed_§2; kraftudtryk_§1},https://wordnet.dk/dannet/data/synset-7878,noun,register,,
{pokkers_§3},https://wordnet.dk/dannet/data/synset-40410,adjective,{bandeord_§1; ed_§2; kraftudtryk_§1},https://wordnet.dk/dannet/data/synset-7878,noun,register,,
{satans_§1},https://wordnet.dk/dannet/data/synset-40413,adjective,{bandeord_§1; ed_§2; kraftudtryk_§1},https://wordnet.dk/dannet/data/synset-7878,noun,register,,
{satans_§2},https://wordnet.dk/dannet/data/synset-40414,adjective,{bandeord_§1; ed_§2; kraftudtryk_§1},https://wordnet.dk/dannet/data/synset-7878,noun,register,,
{satans_§3},https://wordnet.dk/dannet/data/synset-40415,adjective,{bandeord_§1; ed_§2; kraftudtryk_§1},https://wordnet.dk/dannet/data/synset-7878,noun,register,,
{sørens_§1},https://wordnet.dk/dannet/data/synset-40422,adjective,{bandeord_§1; ed_§2; kraftudtryk_§1},https://wordnet.dk/dannet/data/synset-7878,noun,register,,
{sørens_§2},https://wordnet.dk/dannet/data/synset-40423,adjective,{bandeord_§1; ed_§2; kraftudtryk_§1},https://wordnet.dk/dannet/data/synset-7878,noun,register,,
{sørens_§3},https://wordnet.dk/dannet/data/synset-40424,adjective,{bandeord_§1; ed_§2; kraftudtryk_§1},https://wordnet.dk/dannet/data/synset-7878,noun,register,,
{dum_§2a},https://wordnet.dk/dannet/data/synset-68320,adjective,{skældsord_§1; ukvemsord_§1},https://wordnet.dk/dannet/data/synset-8079,noun,register,,
